"","5823-V-F9","5823-CH-A3","5823-V-D5","5823-CH-A6","5823-V-E7","5823_CH_2_F11","5823-CH-B8","5823_CH_2_F10","5823-CH-C10","5823-V-D4","5823-V-F8","5823-CH-A9","5823-CH-C9","5823-V-E9","5823-CH-A7","5823-V-E8","5823_CH_2_E9","5823-CH-C1","5823-CH-C6","5823-V-D7","5823_CH_2_E7","5823-V-D11","5823-CH-C5","5823_CH_2_E11","5823-CH-C11","5823-CH-B1","5823-V-E5","5823-V-F5","5823-CH-A4","5823-CH-B10","5823-V-D3","5823-V-E6","5823_CH_2_E10","5823-V-F3","5823-V-D8","5823-V-E10","5823-V-E3","5823-CH-B4","5823-CH-C3","5823-V-F10","5823-CH-B3","5823-CH-C8","5823-CH-A8","5823-V-E11","5823-V-D10","5823-CH-A11","5823-V-F11","5823-Plate_3_B10","5823-Plate_2_E7","5823-Plate_3_D7","5823-Plate_3_C4","5823-Plate_2_H3","5823-Plate_3_A8","5823-Plate_2_G11","5823-Plate_1_E1","5823-Plate_2_F1","5823-Plate_2_E9","5823-Plate_2_H7","5823-Plate_1_G7","5823-Plate_2_F4","5823-Plate_2_B8","5823-Plate_2_D10","5823-Plate_2_D2","5823-Plate_1_B10","5823-Plate_2_F5","5823-Plate_2_G10","5823-Plate_2_A11","5823-Plate_2_B2","5823-Plate_2_G1","5823-Plate_2_C5","5823-Plate_3_D11","5823-Plate_2_G8","5823-Plate_1_H1","5823-Plate_2_D1","5823-Plate_1_F1","5823-Plate_2_A3","5823-Plate_3_A10","5823-Plate_3_A7","5823-Plate_2_E2","5823-Plate_1_E11","5823-Plate_2_D9","5823-Plate_3_A4","5823-Plate_3_B4","5823-Plate_2_B5","5823-Plate_2_H6","5823-Plate_2_B6","5823-Plate_2_C6","5823-Plate_2_A5","5823-Plate_3_B5","5823-Plate_2_D7","5823-Plate_3_A6","5823-Plate_2_H9","5823-Plate_3_C10","5823-Plate_2_F2","5823-Plate_3_A2","5823-Plate_2_D3","5823-Plate_3_B8","5823-Plate_3_B6","5823-Plate_3_C3","5823-Plate_3_B3","5823-Plate_3_C7","5823-Plate_3_D4","5823-Plate_2_C1","5823-Plate_2_G4","5823-Plate_2_B1","5823-Plate_2_E10","5823-Plate_3_E2","5823-Plate_2_C3","5823-Plate_2_H4","5823-Plate_3_D2","5823-Plate_2_F7","5823-Plate_3_D1","5823-Plate_2_H10","5823-Plate_1_C1","5823-Plate_2_H1","5823-Plate_2_B11","5823-Plate_2_E3","5823-Plate_3_D8","5823-Plate_3_E3","5823-Plate_2_D4","5823-Plate_2_G3","5823-Plate_1_D6","5823-Plate_2_B3","5823-Plate_3_B11","5823-Plate_2_E6","5823-Plate_3_C11","5823-Plate_2_B7","5823-Plate_3_C2","5823-Plate_2_E8","5823-Plate_2_H11","5823-Plate_2_A2","5823-Plate_2_B4","5823-Plate_2_G2","5823-Plate_1_A10","5823-Plate_3_D3","5823-Plate_2_C2","5823-Plate_1_G1","5823-Plate_3_C8","5823-Plate_1_D11","5823-Plate_1_G3","5823-Plate_2_D8","5823-Plate_3_A5","5823-Plate_2_A6","5823-Plate_2_A4","5823-Plate_2_C11","5823-Plate_3_A3","5823-Plate_3_B2","5823-Plate_3_A11","5823-Plate_1_D1","5823-Plate_2_E5","5823-Plate_3_C9","5823-Plate_2_B10","5823-Plate_2_E1","5823-Plate_2_H8","5823-Plate_1_E6","5823-Plate_2_C4","5823-Plate_3_A1","5823-Plate_2_D11","5823-Plate_1_A1","5823-Plate_2_E11","5823-Plate_2_H5","5823-Plate_2_A1","5823-Plate_2_D6","5823-Plate_3_E1","5823-Plate_2_A10","5823-Plate_3_E4","5823-Plate_2_G5","5823-Plate_2_E4","5823-Plate_3_B1","5823-Plate_2_C7","5823-Plate_2_F3","5823-Plate_2_D5","5823-Plate_3_D6","5823-Plate_1_B1","5823-Plate_3_D10","5823-Plate_3_D5","5823-Plate_2_A7","5823-Plate_3_D9"
"8:107257946",NA,0,0,NA,NA,0,NA,NA,NA,0,NA,0,0,0,0,0,NA,NA,0,0,NA,0,0,NA,NA,0,0,NA,0,0,NA,0,NA,0,0,0,NA,NA,0,0,NA,0,0,0,0,NA,NA,0,0,0,0,0,0,0,NA,0,NA,0,0,0,0,NA,0,0,0,0,0,0,0,NA,0,0,0,0,0,0,0,0,0,0,NA,0,0,0,NA,0,0,0,0,0,0,0,0,0,0,0,0,0,0,0,NA,NA,0,0,0,0,NA,NA,0,0,0,0,0,NA,0,0,0,0,NA,0,0,0,0,NA,0,0,0,NA,0,1,0,NA,0,0,0,0,0,0,0,0,0,NA,0,NA,0,0,0,0,0,0,0,0,0,0,0,1,0,0,0,NA,0,0,0,0,NA,NA,0,0,0,1,0,0,0,0,0,0,0,NA
"7:92104928",0,0,0,NA,0,0,0,NA,1,0,0,0,0,NA,0,0,0,1,1,NA,0,NA,0,0,0,1,0,NA,0,NA,NA,0,0,0,0,NA,0,0,0,0,NA,0,0,0,0,0,NA,NA,1,0,NA,0,NA,0,NA,NA,0,NA,0,0,NA,0,0,0,1,NA,0,NA,1,NA,0,0,NA,NA,NA,0,0,0,NA,1,NA,0,0,0,0,0,NA,0,NA,0,NA,0,0,0,NA,NA,1,0,NA,0,0,0,NA,NA,0,NA,0,0,NA,0,0,0,0,NA,0,0,NA,NA,0,1,NA,0,0,0,0,0,0,0,NA,1,0,NA,NA,0,0,0,NA,0,NA,0,0,NA,0,NA,0,NA,NA,0,NA,0,0,0,NA,NA,0,0,0,0,NA,1,0,0,0,NA,NA,0,NA,NA,0,0,NA,NA,0,NA,1,NA,NA,NA
"7:92104935",0,0,0,NA,0,0,NA,NA,1,0,0,0,0,NA,0,0,NA,1,1,0,0,0,0,0,0,1,0,0,0,0,NA,0,0,0,0,0,0,0,0,0,0,0,0,0,0,0,NA,NA,NA,0,NA,0,NA,NA,NA,NA,0,NA,0,0,NA,0,0,0,1,NA,0,NA,0,NA,NA,1,NA,NA,NA,0,0,0,NA,1,0,0,0,0,0,0,NA,0,0,NA,NA,0,0,0,NA,NA,1,0,0,0,0,0,NA,NA,0,NA,NA,0,NA,0,0,NA,0,NA,0,0,NA,0,0,NA,0,1,0,0,0,0,0,0,0,0,0,NA,NA,0,0,0,NA,0,NA,0,0,NA,0,NA,0,0,NA,0,NA,0,0,0,0,NA,0,NA,0,NA,NA,1,0,0,0,0,NA,0,NA,NA,0,0,NA,0,0,NA,0,0,NA,0
"6:53034342",1,0,1,1,0,0,0,0,1,0,0,0,0,0,NA,0,0,0,0,0,0,0,0,0,1,0,0,1,NA,NA,0,0,0,0,0,0,0,1,0,0,0,0,NA,0,NA,0,NA,NA,NA,0,NA,0,0,0,NA,0,0,0,0,0,NA,NA,0,0,0,0,0,0,0,0,0,0,0,0,0,0,0,0,0,0,0,0,0,0,0,NA,0,NA,0,0,0,0,0,0,0,NA,1,0,0,0,0,0,NA,NA,1,NA,0,0,NA,0,0,NA,0,NA,0,0,0,0,0,NA,0,0,NA,0,NA,0,NA,0,0,0,NA,0,NA,1,0,0,NA,0,0,1,0,0,0,0,NA,0,1,0,0,NA,0,0,NA,0,NA,0,0,0,0,0,NA,NA,NA,0,NA,0,0,NA,NA,NA,0,0,0,0,0,0,0,0
"6:53034343",0,0,0,0,NA,0,0,0,1,0,0,0,0,0,0,0,0,0,0,0,0,0,0,0,0,0,0,0,0,NA,0,0,NA,0,0,0,0,0,NA,0,0,0,0,0,0,NA,0,NA,NA,0,0,0,0,0,NA,0,0,NA,0,0,NA,0,0,0,0,0,0,0,0,0,0,0,0,0,0,0,0,0,0,0,0,0,0,0,0,NA,0,NA,0,0,0,0,NA,0,NA,NA,0,0,0,0,0,0,NA,NA,1,NA,0,0,NA,0,0,NA,NA,NA,0,NA,0,0,0,NA,0,NA,NA,0,NA,0,NA,0,NA,0,NA,0,NA,1,0,0,0,0,0,0,0,0,0,0,NA,0,1,NA,0,NA,0,0,NA,0,NA,0,NA,0,0,0,NA,NA,NA,0,NA,0,0,NA,0,NA,0,0,0,0,0,NA,0,0
"6:53034351",0,0,0,0,0,0,0,0,1,0,0,NA,0,0,0,0,0,0,0,0,0,0,0,0,0,0,0,0,0,NA,0,0,0,NA,1,0,NA,0,0,0,0,0,0,0,0,0,0,NA,NA,0,NA,0,0,0,NA,0,0,0,0,0,NA,0,0,0,NA,0,0,0,0,0,0,0,0,0,0,0,0,0,0,0,0,0,0,NA,NA,NA,0,NA,0,0,0,0,0,0,0,NA,NA,0,0,NA,NA,0,NA,NA,1,NA,1,0,NA,NA,0,NA,NA,NA,0,NA,0,0,0,NA,0,1,NA,0,NA,0,NA,0,0,0,NA,0,NA,1,0,0,0,NA,0,0,0,0,0,0,NA,0,0,0,0,NA,0,0,NA,0,NA,0,0,0,0,0,NA,NA,NA,NA,NA,0,0,NA,0,NA,0,0,0,0,0,NA,0,0
"6:41696525",0,0,0,0,1,0,0,NA,0,0,NA,0,NA,0,0,0,0,0,0,0,0,0,0,NA,0,0,NA,NA,0,0,0,NA,0,0,0,NA,0,0,0,0,0,0,0,0,0,NA,0,0,0,0,0,0,0,0,0,0,0,0,0,0,0,0,1,0,0,0,NA,0,0,0,0,0,0,0,0,0,0,0,0,0,0,0,0,0,0,0,0,0,0,0,0,0,NA,0,0,0,0,0,0,NA,0,0,0,0,0,0,0,0,NA,0,NA,0,0,0,0,0,0,0,0,0,0,NA,0,0,0,0,0,0,0,0,1,0,NA,0,0,0,0,0,NA,0,0,0,NA,0,0,0,0,0,NA,0,0,0,0,0,0,0,NA,0,0,0,0,0,0,NA,0,0,0,0,0,0,0,0,0,0,0,0,0,0
"5:86675433",0,0,0,NA,0,0,0,0,0,0,0,0,0,1,NA,0,0,0,NA,0,0,0,0,0,0,0,0,0,0,0,0,0,0,0,0,0,0,0,0,0,0,0,NA,0,0,0,NA,0,0,0,0,0,0,NA,0,NA,NA,0,0,0,0,0,0,0,0,0,0,0,0,NA,0,0,0,NA,0,0,0,0,0,0,0,0,0,0,0,0,0,0,NA,0,0,0,0,0,0,0,0,0,0,0,0,0,0,0,0,0,0,0,0,0,0,0,0,0,0,0,NA,0,0,0,NA,0,0,0,0,NA,0,0,0,0,0,0,1,0,0,0,0,0,0,0,0,0,0,0,0,0,0,0,0,0,0,0,0,0,0,0,0,0,0,0,0,0,0,NA,0,0,0,0,0,0,0,0,0,NA,0,0,0,0
"5:152836679",0,0,NA,0,0,0,0,0,NA,0,0,0,0,0,0,0,0,0,NA,0,0,0,0,0,0,0,0,0,0,0,0,NA,0,0,0,0,0,0,NA,0,0,0,0,0,0,0,0,0,0,0,0,0,0,0,0,0,0,0,0,0,0,0,0,0,0,0,0,0,NA,0,0,0,0,0,0,0,0,0,0,0,0,0,0,0,0,NA,0,0,0,0,1,0,0,0,0,0,0,0,1,0,0,0,0,0,0,0,0,0,0,0,0,0,0,NA,0,0,0,0,0,0,0,0,0,0,1,0,0,0,0,0,0,0,NA,0,0,0,0,0,0,0,0,0,0,0,0,0,0,0,0,0,0,0,0,0,0,0,0,0,0,0,0,0,0,0,NA,0,0,0,0,0,0,NA,0,0,0,0,0,0
"4:136719148",0,0,0,NA,NA,NA,0,0,0,NA,0,NA,0,0,NA,NA,0,1,0,0,0,0,0,NA,0,NA,0,NA,0,0,0,0,0,NA,NA,0,0,NA,0,0,0,0,NA,0,0,NA,0,0,0,0,0,0,0,0,0,0,0,0,0,NA,0,NA,NA,NA,0,0,0,0,NA,0,0,0,0,1,0,0,NA,0,0,0,0,0,0,0,0,0,0,0,0,0,0,0,0,0,0,0,0,0,0,0,0,NA,0,0,0,0,0,0,0,0,0,0,0,NA,NA,0,NA,0,0,0,0,0,0,0,0,NA,0,0,0,0,0,0,0,0,0,0,NA,0,0,NA,0,0,0,0,0,0,0,0,0,NA,0,0,0,NA,0,0,1,0,0,0,0,0,0,NA,NA,NA,NA,0,0,0,0,0,0,0,NA,0,0,0
"7:67879090",0,0,NA,0,NA,0,0,0,0,NA,0,0,0,0,0,0,0,0,0,0,0,0,0,0,NA,0,0,0,0,0,0,0,0,0,0,0,NA,0,NA,0,0,0,0,0,NA,NA,0,NA,0,0,0,NA,NA,NA,NA,0,0,0,NA,NA,0,0,0,0,NA,0,0,NA,NA,0,0,NA,0,NA,0,0,0,NA,NA,0,0,NA,0,NA,0,0,0,NA,NA,NA,NA,NA,NA,NA,0,0,0,0,NA,0,0,0,0,NA,NA,NA,1,0,NA,0,0,NA,0,NA,1,0,0,0,NA,NA,0,0,NA,0,0,NA,NA,NA,0,0,0,0,0,NA,0,0,NA,0,0,0,NA,0,0,NA,0,0,0,NA,0,NA,NA,0,NA,NA,0,0,1,NA,NA,NA,NA,0,NA,NA,NA,0,NA,NA,0,0,NA,NA,0,NA,0,0,0,0
"4:11142221",1,0,0,0,0,0,0,NA,0,0,0,0,0,NA,0,0,0,0,0,0,NA,NA,0,NA,0,0,0,0,0,NA,0,0,0,0,0,0,0,NA,0,0,NA,NA,NA,0,0,0,NA,NA,0,0,0,NA,0,NA,NA,0,NA,0,NA,0,NA,0,NA,0,0,0,0,0,1,0,NA,0,0,0,0,0,0,0,0,1,0,NA,0,0,NA,0,0,0,0,0,NA,0,0,NA,NA,0,0,0,0,0,0,0,NA,NA,0,NA,NA,0,0,0,0,1,0,NA,0,0,NA,0,NA,NA,NA,0,0,NA,0,0,NA,0,0,0,NA,0,0,0,0,NA,1,0,0,0,1,0,NA,0,NA,0,NA,NA,0,NA,NA,NA,NA,NA,0,NA,0,NA,0,NA,0,0,0,0,NA,NA,0,NA,0,0,NA,0,0,0,0,0,0,0
"5:179731865",0,0,0,0,0,0,0,0,0,0,NA,0,0,0,0,0,0,0,0,0,0,0,0,0,0,0,0,0,0,NA,0,0,0,0,0,0,0,0,NA,0,0,0,0,0,0,0,0,0,0,0,0,1,0,NA,0,0,0,0,1,NA,0,0,0,0,NA,0,0,0,1,0,0,0,0,0,0,0,0,0,0,0,0,0,0,0,0,0,0,0,0,0,0,0,0,0,0,0,0,0,0,0,0,0,0,0,0,0,0,0,0,0,0,0,0,0,0,0,NA,0,0,0,0,NA,0,0,0,0,0,0,0,0,0,0,0,0,0,0,0,0,0,NA,0,0,0,NA,0,0,0,0,0,0,0,0,0,0,0,0,0,0,0,0,0,0,0,0,NA,0,0,0,0,0,0,0,0,0,0,NA,NA,0
"22:33539226",NA,0,NA,0,NA,0,NA,0,NA,NA,0,0,NA,0,0,0,0,NA,0,NA,NA,0,0,0,0,NA,0,0,0,0,0,NA,0,NA,0,0,NA,0,NA,0,0,0,NA,0,0,0,0,0,0,0,0,0,0,0,0,0,0,0,0,0,0,0,0,0,0,0,0,0,0,0,1,NA,0,0,0,0,0,0,0,NA,NA,0,0,1,NA,0,0,0,0,0,0,0,0,0,0,0,0,0,0,0,0,0,0,0,0,0,0,0,0,NA,0,0,0,0,0,0,0,0,0,0,0,0,0,0,0,0,0,0,0,0,0,0,0,0,0,0,0,0,0,0,0,0,0,0,0,0,0,0,0,0,0,0,0,1,0,0,0,0,0,0,0,0,0,0,0,0,0,0,0,0,0,0,0,0,0,0,0,0
"20:20533639",NA,NA,NA,NA,0,0,0,NA,0,0,0,0,NA,NA,0,0,NA,NA,0,NA,0,0,0,NA,0,NA,NA,0,0,NA,NA,0,0,0,NA,0,0,NA,0,0,0,NA,NA,NA,NA,0,0,0,NA,0,0,0,0,0,0,0,0,0,0,0,0,0,0,0,0,0,0,0,0,0,1,0,NA,0,0,0,0,0,0,0,0,0,0,0,0,0,0,0,NA,0,0,0,0,0,0,NA,0,0,NA,NA,0,0,0,0,0,0,0,0,NA,0,0,0,0,0,0,NA,NA,0,0,0,0,0,0,NA,0,0,0,0,0,0,0,NA,0,0,0,0,0,0,0,NA,NA,0,0,0,0,0,0,0,0,0,0,0,0,0,0,0,0,0,0,0,1,1,0,0,0,0,0,0,NA,0,NA,0,0,0,NA,0,0,NA
"20:55338392",0,0,NA,0,0,NA,NA,NA,NA,0,0,0,0,NA,0,NA,0,0,0,0,0,0,0,NA,0,NA,0,0,0,0,0,0,0,0,NA,0,NA,0,0,0,0,NA,0,0,0,NA,NA,NA,0,0,0,NA,0,NA,NA,NA,0,0,NA,NA,0,0,NA,0,NA,NA,0,0,NA,0,1,0,0,NA,NA,NA,0,0,NA,0,0,NA,0,0,0,0,0,0,0,0,0,0,NA,0,0,0,0,0,0,0,0,0,0,NA,0,0,0,1,0,0,0,0,0,0,0,0,0,0,0,0,0,0,0,0,0,NA,1,0,0,0,0,0,0,0,0,0,0,0,NA,0,NA,0,NA,NA,0,0,0,0,0,0,0,0,0,NA,0,0,0,0,0,0,1,1,NA,0,NA,0,NA,NA,0,0,NA,0,0,NA,NA,0,0,NA
"2:54129309",0,0,0,NA,0,NA,NA,0,NA,0,0,0,NA,0,NA,0,NA,0,NA,NA,NA,0,0,0,NA,NA,0,0,0,0,0,0,NA,NA,NA,0,0,NA,0,NA,0,0,0,0,NA,0,0,0,0,0,NA,0,0,NA,NA,0,NA,0,0,0,0,0,0,0,NA,0,0,0,NA,0,0,0,0,0,0,0,0,0,0,0,NA,0,0,0,0,NA,0,NA,0,0,NA,0,0,NA,0,0,0,0,0,0,0,0,0,0,0,0,0,NA,0,NA,0,0,0,0,0,0,0,0,0,0,NA,0,0,0,NA,1,0,0,0,0,NA,0,NA,0,0,0,0,0,0,0,0,0,0,0,0,0,NA,0,0,NA,0,0,0,0,0,0,0,0,0,NA,NA,0,0,NA,0,NA,0,0,0,0,0,1,NA,0,0,0,0,NA
"6:12166913",0,0,0,0,0,0,0,0,0,0,0,0,0,0,0,0,0,0,0,0,0,0,0,0,NA,0,0,0,NA,0,0,0,1,1,0,0,0,0,0,0,0,0,NA,0,0,0,0,NA,NA,0,NA,NA,0,NA,NA,NA,0,NA,NA,0,0,0,NA,0,NA,NA,0,0,0,0,NA,NA,0,0,0,0,NA,0,0,NA,NA,0,NA,0,NA,NA,0,0,0,NA,NA,0,0,0,0,0,0,0,NA,NA,NA,0,0,0,0,NA,0,0,0,0,0,0,NA,NA,NA,0,NA,0,0,NA,0,0,0,0,0,NA,0,0,0,NA,0,0,0,0,NA,0,0,0,0,NA,0,0,NA,NA,0,0,0,0,0,0,0,NA,0,0,NA,NA,0,NA,NA,0,0,0,0,0,NA,NA,NA,0,NA,0,NA,NA,NA,0,0,NA,NA,NA
"2:32658338",0,0,0,0,0,NA,0,0,NA,NA,0,0,0,0,0,0,0,0,0,NA,0,0,0,0,0,0,0,1,0,0,0,NA,0,0,0,0,0,0,0,NA,0,0,0,0,0,0,NA,1,0,0,0,0,0,0,0,0,0,0,0,0,0,0,0,0,0,0,0,0,0,0,0,0,0,0,0,0,0,0,0,0,0,0,0,0,0,0,0,NA,1,0,0,0,0,0,0,0,0,0,0,0,0,NA,0,0,0,NA,0,0,0,0,0,0,0,0,0,0,0,0,0,0,0,0,0,0,0,0,0,0,0,0,0,NA,NA,0,0,0,0,0,0,0,0,0,0,0,0,0,0,0,0,0,0,0,0,0,0,0,0,0,0,0,0,0,0,0,0,0,0,0,0,0,0,0,0,0,0,0,0,0
"3:37740403",0,NA,NA,NA,NA,0,NA,0,NA,0,NA,NA,NA,0,NA,0,NA,NA,0,0,NA,NA,0,0,0,NA,0,NA,NA,NA,0,0,0,0,NA,0,NA,NA,1,NA,0,0,0,0,NA,0,0,1,0,0,0,0,0,0,0,NA,0,0,0,0,0,0,0,0,0,0,0,0,0,0,NA,0,0,0,0,0,0,0,0,0,0,0,0,0,0,0,0,0,0,0,0,0,0,0,0,0,NA,0,0,0,0,0,0,0,0,0,0,0,0,NA,0,0,NA,0,0,0,0,0,0,0,0,0,0,0,0,0,0,0,0,1,0,0,0,0,0,0,NA,0,0,0,0,0,0,0,0,0,0,0,0,0,0,0,0,0,0,0,0,0,0,0,0,0,0,0,0,0,0,0,NA,0,0,0,0,0,0,0,0,0
"6:40862153",0,NA,0,0,0,0,0,0,0,0,0,0,0,0,0,0,0,0,NA,0,NA,0,0,0,0,0,0,0,0,0,0,0,0,0,NA,0,0,0,0,0,NA,0,0,0,0,0,0,0,0,0,0,0,0,0,1,NA,NA,0,0,1,0,1,0,0,0,0,0,0,0,0,0,0,0,0,1,0,1,0,0,0,0,0,0,0,0,0,0,1,1,0,0,0,0,0,1,0,1,0,0,0,0,0,1,0,NA,0,1,0,0,0,0,0,1,NA,1,0,0,0,1,NA,0,1,0,0,0,0,1,1,0,0,0,0,0,0,0,0,0,0,0,0,0,0,0,1,1,1,0,0,0,0,0,0,0,1,0,1,0,0,0,0,0,0,0,0,0,0,0,0,0,0,0,0,0,1,0,0,NA,1
"2:218908308",0,NA,0,0,0,0,NA,0,NA,0,NA,0,NA,0,0,0,NA,0,0,0,0,NA,0,0,1,0,NA,NA,0,NA,0,1,0,0,0,0,0,0,0,NA,0,NA,0,NA,1,0,NA,NA,NA,0,0,NA,NA,NA,NA,NA,NA,NA,NA,NA,NA,NA,NA,NA,NA,NA,NA,NA,NA,NA,NA,NA,NA,NA,1,NA,NA,NA,0,NA,NA,NA,NA,0,NA,NA,NA,NA,0,NA,NA,NA,NA,0,NA,NA,1,NA,NA,NA,NA,NA,1,NA,NA,NA,0,0,NA,NA,0,NA,NA,NA,NA,NA,NA,0,NA,NA,NA,1,NA,NA,NA,NA,NA,0,0,0,NA,NA,NA,NA,NA,NA,0,NA,NA,NA,NA,NA,NA,NA,NA,NA,NA,NA,NA,NA,NA,NA,NA,NA,NA,0,NA,NA,NA,NA,NA,NA,NA,NA,NA,0,NA,NA,NA,NA,NA,NA,NA,NA,NA,NA,NA,0
"8:26288486",0,NA,0,0,0,0,0,NA,0,NA,0,NA,0,0,NA,0,0,0,0,0,NA,NA,0,NA,NA,0,0,0,0,0,0,NA,0,NA,0,0,NA,0,0,NA,0,0,0,0,NA,0,NA,NA,0,NA,NA,NA,NA,NA,1,NA,NA,NA,NA,1,NA,NA,NA,NA,0,NA,NA,1,NA,NA,NA,NA,0,0,NA,NA,NA,NA,NA,NA,NA,NA,NA,NA,NA,NA,NA,NA,NA,NA,0,NA,NA,NA,NA,NA,NA,NA,NA,NA,NA,0,NA,0,NA,NA,0,NA,NA,NA,NA,NA,NA,NA,NA,NA,0,NA,NA,0,NA,NA,NA,NA,NA,NA,NA,NA,0,NA,0,NA,NA,NA,0,NA,NA,NA,NA,NA,0,NA,NA,NA,NA,NA,NA,0,NA,NA,NA,0,NA,NA,0,NA,NA,0,NA,NA,NA,NA,NA,0,0,NA,NA,0,0,NA,NA,0,NA,NA,NA,1,NA,NA
"16:33937539",0,NA,NA,0,NA,0,0,0,NA,NA,0,0,0,0,NA,NA,0,NA,0,NA,0,NA,NA,1,0,0,0,NA,NA,0,NA,NA,NA,NA,0,0,NA,0,NA,0,NA,0,0,NA,0,NA,NA,NA,1,0,0,0,0,0,NA,NA,0,0,0,0,0,0,0,NA,0,0,0,NA,0,0,0,0,0,NA,1,0,NA,0,1,0,0,0,0,0,NA,1,NA,NA,0,0,NA,NA,1,NA,0,NA,0,0,0,0,0,0,0,NA,0,NA,NA,0,1,0,1,NA,0,NA,0,0,NA,0,0,NA,NA,NA,0,0,NA,0,0,0,0,0,0,0,0,0,NA,0,0,NA,0,0,0,0,0,NA,0,0,0,0,0,0,0,0,1,NA,0,0,0,0,0,NA,0,0,NA,0,NA,0,0,NA,1,0,0,NA,1,0,0,0,NA,0
"4:188146434",0,0,0,0,NA,0,0,0,0,0,0,0,0,0,0,0,0,NA,NA,0,0,0,0,NA,0,0,0,0,NA,NA,0,NA,0,0,NA,NA,0,0,0,0,NA,NA,0,0,0,0,0,0,0,0,0,0,0,NA,0,0,0,0,0,0,0,0,0,0,0,0,0,0,0,0,0,0,0,0,NA,0,0,0,0,0,0,0,0,0,NA,1,0,0,0,0,0,0,1,0,0,0,1,0,0,0,0,0,0,0,0,NA,0,0,NA,NA,0,0,0,0,0,0,0,0,0,0,0,0,NA,0,0,NA,0,0,0,0,0,0,0,0,0,0,0,0,0,0,0,NA,NA,0,0,NA,0,0,0,0,0,0,0,0,0,0,0,0,0,0,0,0,0,0,NA,0,0,0,0,0,0,0,0,0,0,0,0,0
"6:10487762",0,0,NA,0,0,NA,NA,NA,1,1,NA,NA,NA,0,0,0,0,0,0,NA,0,0,0,NA,0,0,0,NA,NA,NA,0,0,0,1,0,0,0,NA,0,0,0,0,0,0,0,0,NA,0,1,NA,0,0,NA,NA,NA,NA,0,NA,0,0,0,NA,0,0,0,0,0,NA,0,NA,1,0,0,NA,0,NA,0,0,NA,0,0,0,0,NA,NA,0,NA,NA,1,0,NA,0,0,0,NA,0,0,NA,0,0,0,0,0,NA,NA,0,0,NA,0,NA,NA,0,1,NA,0,NA,NA,0,0,NA,0,0,0,NA,0,0,NA,0,NA,NA,0,0,0,0,0,1,0,0,NA,0,0,0,0,0,0,0,0,0,0,NA,0,0,0,NA,0,NA,1,1,NA,NA,NA,0,0,0,NA,0,0,0,0,0,0,NA,NA,0,0,NA,0,0
"6:10487769",NA,0,NA,0,NA,NA,0,0,1,0,NA,NA,NA,0,NA,0,0,0,NA,0,0,0,0,0,0,0,0,NA,0,0,0,0,NA,0,0,0,0,NA,0,0,0,0,0,0,0,1,0,0,0,0,0,0,NA,NA,NA,NA,0,NA,0,0,0,NA,0,0,0,0,0,NA,0,NA,0,0,0,NA,0,NA,0,0,NA,0,0,0,NA,NA,NA,NA,NA,NA,0,0,NA,0,0,0,NA,0,0,0,NA,0,0,0,0,NA,NA,0,0,NA,0,NA,NA,0,1,NA,0,NA,0,NA,0,1,0,0,0,NA,0,0,NA,0,NA,0,0,0,0,0,0,NA,NA,0,NA,0,0,0,0,0,0,0,0,0,0,NA,0,NA,0,NA,NA,NA,1,0,NA,NA,NA,0,0,0,NA,0,0,0,0,0,0,NA,NA,NA,0,NA,0,0
"6:10487770",NA,NA,NA,0,NA,NA,NA,0,1,0,NA,NA,NA,0,NA,0,NA,0,1,NA,0,0,NA,0,0,NA,0,NA,0,NA,0,0,0,0,0,0,0,1,0,0,0,1,0,1,0,NA,0,0,0,0,0,0,NA,NA,NA,NA,NA,NA,0,0,0,NA,0,0,1,0,NA,NA,0,NA,1,0,0,NA,0,0,0,0,NA,0,0,0,0,NA,NA,0,NA,NA,0,0,NA,0,0,0,NA,0,0,0,NA,0,0,0,0,NA,NA,0,0,NA,0,NA,NA,0,1,NA,NA,NA,0,0,0,0,0,0,NA,NA,0,0,NA,0,0,0,0,0,0,0,0,0,0,0,NA,0,0,0,0,NA,0,0,0,0,0,NA,0,0,0,NA,1,NA,1,NA,NA,NA,NA,NA,0,0,NA,0,0,0,0,0,0,NA,NA,1,NA,NA,0,0
"6:10487771",0,0,NA,0,NA,0,NA,0,1,0,0,NA,NA,0,0,0,NA,NA,0,0,0,0,0,NA,NA,0,0,NA,0,0,0,0,0,0,0,1,0,NA,0,0,0,0,0,0,0,0,0,0,NA,0,0,0,NA,NA,0,NA,0,NA,0,0,0,NA,0,0,0,0,0,NA,0,NA,1,0,0,NA,0,0,0,0,NA,0,0,0,0,NA,NA,0,NA,NA,0,0,NA,0,0,0,NA,0,0,0,NA,0,1,0,0,NA,NA,0,0,NA,0,NA,NA,0,1,NA,0,NA,0,0,0,0,0,0,0,NA,0,0,NA,0,0,0,0,0,0,0,0,0,0,0,NA,0,0,0,0,0,0,0,0,0,0,NA,0,0,0,NA,0,NA,1,NA,NA,NA,0,0,0,0,NA,0,0,0,0,0,0,NA,NA,1,0,NA,0,NA
"15:100034779",NA,0,0,0,0,0,0,0,0,0,0,0,0,NA,1,0,0,0,0,1,NA,0,0,0,0,0,1,0,NA,0,NA,0,NA,NA,NA,NA,0,NA,0,NA,0,0,0,0,0,0,0,NA,0,0,0,NA,NA,NA,NA,1,0,NA,NA,0,NA,0,NA,NA,NA,NA,0,NA,NA,NA,1,NA,NA,NA,NA,NA,NA,NA,NA,0,0,NA,0,NA,NA,NA,NA,NA,0,NA,NA,0,NA,NA,NA,NA,NA,0,NA,0,NA,NA,NA,NA,NA,NA,0,0,NA,NA,0,NA,1,NA,NA,NA,NA,0,0,NA,NA,1,NA,0,1,NA,NA,NA,0,NA,NA,1,0,NA,1,NA,0,NA,0,NA,NA,0,0,0,NA,0,0,0,0,0,0,NA,NA,NA,0,NA,0,NA,0,1,NA,0,0,NA,NA,NA,NA,0,0,NA,NA,NA,0,NA,NA,0,0,0
"4:161409449",0,0,0,0,0,0,0,0,1,0,0,0,0,NA,NA,0,NA,0,0,NA,1,0,0,1,0,NA,0,NA,0,0,NA,0,NA,NA,NA,0,1,NA,0,0,NA,0,NA,0,NA,NA,0,1,0,0,1,0,0,0,NA,0,0,NA,0,0,1,0,0,0,0,0,0,0,0,0,1,NA,0,NA,0,0,NA,0,1,0,0,NA,0,0,0,0,0,0,0,0,0,0,0,0,NA,0,0,0,0,0,0,0,0,NA,NA,0,0,0,NA,0,0,0,1,0,0,0,0,0,0,0,0,0,1,0,1,0,0,0,0,1,0,0,0,0,0,0,0,0,0,0,0,NA,0,0,NA,0,0,0,0,0,0,0,0,0,0,0,0,NA,NA,0,0,0,0,0,0,0,0,0,0,NA,0,0,0,0,0,0,0,NA
"14:31533572",NA,0,NA,NA,0,0,NA,0,NA,NA,NA,1,1,NA,0,0,0,NA,0,NA,0,0,NA,0,0,0,0,0,0,0,0,0,0,1,0,0,0,NA,NA,0,NA,0,NA,0,1,NA,0,1,0,0,0,0,0,NA,NA,0,0,NA,0,NA,NA,0,0,0,NA,0,0,0,0,NA,1,NA,NA,0,0,0,NA,0,0,0,0,0,0,0,NA,0,0,NA,0,0,0,0,0,0,0,0,0,1,0,NA,NA,NA,0,NA,1,0,0,NA,NA,NA,0,0,0,NA,0,0,NA,NA,0,NA,1,0,0,0,0,NA,0,0,1,0,0,0,1,NA,NA,0,0,0,NA,0,0,0,0,0,NA,NA,0,NA,0,0,0,0,0,0,0,0,0,0,NA,0,0,0,0,0,NA,0,0,NA,NA,0,0,0,0,0,0,0,0,0
"14:31533581",0,0,0,NA,0,0,NA,0,0,NA,NA,1,1,0,0,0,0,0,0,0,0,0,NA,NA,0,NA,0,0,0,0,0,0,1,1,0,0,0,0,0,0,0,0,0,0,1,0,0,1,NA,0,0,NA,0,NA,NA,0,0,NA,NA,NA,NA,0,0,1,NA,0,0,0,0,NA,0,NA,NA,0,0,1,0,0,0,0,0,1,0,0,NA,0,0,NA,0,0,NA,0,0,0,0,0,0,1,NA,0,0,0,0,NA,NA,0,NA,NA,NA,0,0,0,0,NA,0,0,NA,0,0,0,0,0,0,0,0,0,0,0,0,0,NA,0,1,1,NA,0,0,0,0,0,0,0,0,0,0,0,0,0,0,0,0,0,NA,0,0,0,0,0,0,NA,0,0,0,0,NA,0,0,NA,NA,0,NA,0,0,0,0,0,NA,0
"7:4493227",NA,NA,0,1,NA,NA,NA,0,0,0,0,0,0,0,NA,NA,0,0,0,0,NA,1,0,0,0,1,0,NA,NA,NA,0,0,NA,1,0,0,1,1,0,0,1,0,1,0,NA,0,0,NA,NA,NA,NA,NA,NA,NA,NA,NA,0,NA,NA,NA,1,1,NA,NA,0,NA,NA,NA,NA,NA,NA,NA,NA,NA,NA,1,NA,NA,NA,NA,NA,NA,NA,0,NA,0,NA,NA,NA,NA,NA,NA,1,NA,NA,NA,0,NA,NA,NA,0,NA,NA,NA,NA,NA,NA,NA,NA,NA,NA,0,0,NA,NA,NA,NA,NA,NA,NA,1,NA,NA,NA,NA,NA,NA,NA,NA,0,NA,NA,NA,NA,NA,0,NA,NA,0,1,0,NA,NA,0,NA,NA,0,0,0,NA,NA,0,NA,NA,NA,NA,1,NA,NA,0,NA,NA,NA,NA,NA,NA,NA,NA,NA,NA,NA,NA,NA,NA,0,NA,NA,1
"8:43537054",NA,0,0,NA,NA,NA,0,1,1,1,0,0,0,0,0,0,0,0,1,1,0,1,0,NA,0,NA,0,0,NA,NA,0,0,NA,1,NA,0,0,0,0,1,1,1,0,0,0,NA,0,1,NA,0,0,NA,0,NA,NA,0,0,0,0,0,NA,NA,NA,0,NA,0,0,0,0,0,0,0,0,0,0,1,0,0,0,0,0,1,0,0,NA,0,0,NA,0,NA,NA,1,0,0,NA,0,0,0,0,0,0,0,0,NA,NA,0,0,0,0,0,0,0,0,0,0,NA,0,0,NA,NA,NA,NA,NA,0,NA,NA,0,0,0,0,0,0,1,0,1,0,NA,1,NA,0,NA,0,0,0,0,0,NA,0,NA,0,0,0,0,0,0,0,NA,NA,0,0,NA,0,0,0,NA,0,0,0,NA,0,0,NA,NA,NA,0,0,0,1
"14:106388214",0,0,0,NA,0,0,0,0,NA,0,NA,0,0,NA,0,1,0,NA,NA,0,NA,0,0,0,0,0,0,NA,0,0,0,0,NA,0,NA,0,0,0,NA,0,0,0,NA,NA,NA,0,0,0,0,0,0,0,0,0,NA,0,0,0,0,0,0,0,NA,0,0,0,0,0,0,0,0,0,0,0,0,0,0,0,0,0,0,0,NA,0,0,0,0,0,0,0,0,0,0,0,0,0,0,0,0,0,0,0,0,0,0,0,0,0,0,0,0,NA,0,0,0,0,0,0,0,0,0,0,0,0,0,0,1,0,0,0,0,0,0,0,0,0,0,0,0,0,0,0,0,0,0,0,0,0,0,0,0,0,NA,0,0,0,0,0,0,0,0,0,0,0,0,0,0,0,0,0,NA,0,0,0,0,0,0,0
"13:96224963",0,0,NA,0,0,0,0,0,0,0,0,0,0,0,0,1,0,1,0,0,0,0,1,0,0,0,0,0,0,0,0,NA,NA,0,0,0,NA,0,0,0,0,0,0,0,0,0,0,0,NA,0,0,0,0,0,NA,0,0,0,NA,0,0,NA,0,0,0,0,0,1,NA,NA,0,0,NA,0,0,0,0,0,0,0,0,0,0,0,0,0,0,0,0,0,0,0,0,0,0,0,0,0,0,0,0,0,0,0,0,0,0,0,0,0,0,0,0,0,0,0,0,0,0,NA,0,0,0,0,0,0,NA,0,0,0,0,NA,0,0,0,0,0,0,0,0,0,0,0,0,NA,0,0,0,0,0,0,0,0,NA,0,NA,0,0,0,NA,NA,0,NA,NA,0,0,0,0,0,0,0,0,0,0,0,0,0,0
"3:29928985",0,0,NA,0,0,0,0,NA,0,NA,0,0,0,0,NA,1,1,1,0,0,0,NA,1,0,0,0,0,0,0,0,NA,0,NA,0,0,0,0,NA,NA,NA,0,0,0,0,0,NA,NA,0,0,0,NA,0,0,0,0,0,NA,0,NA,0,0,0,0,0,0,0,0,1,NA,0,NA,0,0,NA,0,NA,1,0,0,0,0,0,0,0,0,0,0,0,0,0,0,0,0,0,0,NA,0,0,0,0,0,0,0,0,0,0,0,0,NA,0,0,0,0,0,0,0,0,0,0,0,0,0,NA,0,0,0,0,0,0,0,0,0,NA,0,0,0,NA,0,0,0,0,0,0,0,0,NA,0,NA,0,0,0,NA,0,0,0,0,0,0,0,0,0,0,0,0,0,NA,0,0,0,0,0,0,0,0,0,0,0,0
"6:68570525",0,0,0,0,0,0,0,0,0,NA,0,0,NA,NA,0,NA,NA,0,0,NA,0,0,NA,0,0,1,1,1,0,0,0,0,NA,0,NA,NA,NA,NA,NA,0,NA,0,0,NA,0,0,0,0,0,0,0,0,NA,NA,NA,NA,NA,0,NA,0,0,0,0,0,NA,0,0,NA,0,1,NA,0,NA,NA,NA,0,NA,0,0,0,0,1,1,0,NA,1,NA,1,1,NA,1,0,1,NA,0,0,1,NA,1,NA,1,NA,NA,0,0,0,NA,0,0,0,0,NA,0,NA,NA,0,NA,0,0,NA,0,0,NA,0,1,0,0,NA,0,0,NA,0,NA,0,0,0,NA,0,0,0,0,0,0,0,0,0,0,NA,NA,NA,0,0,0,NA,0,0,0,0,NA,0,0,0,NA,NA,NA,0,0,0,NA,NA,0,0,NA,0,0,0,NA,NA
"3:175827483",0,0,0,0,0,0,0,NA,0,0,0,0,NA,0,0,0,0,0,0,0,NA,NA,0,0,0,1,1,1,NA,1,1,0,NA,0,NA,0,0,0,0,0,0,0,NA,0,NA,NA,0,NA,NA,0,0,NA,0,NA,NA,0,0,0,NA,NA,0,0,0,NA,0,NA,0,0,NA,0,NA,NA,NA,NA,1,0,NA,NA,NA,0,NA,NA,NA,1,NA,1,1,1,1,0,NA,1,1,1,NA,1,1,1,NA,1,1,0,0,NA,0,0,NA,NA,NA,0,0,0,0,NA,NA,0,0,0,0,NA,NA,NA,NA,0,0,0,NA,0,0,0,0,NA,0,NA,0,0,0,0,0,0,0,NA,0,NA,NA,0,NA,0,0,0,0,NA,0,NA,NA,0,0,0,NA,NA,0,0,NA,NA,NA,NA,NA,NA,0,0,0,NA,NA,0,NA,0,0,NA
"13:94190903",0,0,0,0,0,NA,0,0,0,0,0,0,0,NA,0,NA,0,NA,0,0,0,0,0,0,0,1,1,1,0,1,1,0,NA,NA,NA,0,0,0,0,0,0,0,0,0,NA,0,0,NA,0,0,0,0,0,NA,NA,0,0,0,0,0,0,0,NA,NA,0,0,0,0,0,0,0,0,NA,0,0,0,0,0,0,0,0,1,1,1,1,1,1,1,1,1,1,NA,1,1,1,1,1,1,1,1,1,0,0,0,0,0,0,0,0,0,0,0,0,0,NA,NA,0,NA,0,0,0,0,0,0,1,NA,0,0,0,0,0,0,0,0,0,0,0,0,0,0,0,0,0,0,0,0,0,0,0,0,0,NA,0,NA,0,0,0,0,0,0,NA,NA,1,0,NA,0,0,0,0,0,0,NA,NA,0,0,0,0,0
"17:16550955",NA,0,0,0,NA,0,0,0,NA,0,0,0,0,NA,0,0,0,0,NA,0,0,0,0,NA,0,1,1,1,0,1,1,0,0,0,0,0,0,0,0,0,NA,0,NA,0,NA,0,0,NA,0,0,NA,NA,0,0,NA,0,0,0,NA,0,NA,0,0,0,0,0,0,0,0,0,0,0,0,0,0,0,0,0,0,NA,0,1,1,1,1,1,0,1,1,1,1,NA,1,1,1,0,1,1,1,1,1,0,0,NA,0,NA,NA,0,0,0,0,0,0,0,0,NA,0,0,NA,NA,0,0,0,NA,1,NA,0,1,0,0,0,0,0,0,0,0,0,0,0,0,0,0,0,NA,0,0,0,0,0,0,0,0,0,0,0,0,0,0,0,0,0,0,NA,NA,NA,NA,0,0,0,0,0,0,0,0,0,NA,NA,0
"15:38519059",0,0,0,0,0,0,0,0,0,0,0,0,0,0,NA,0,0,0,NA,0,0,0,0,NA,0,1,1,1,0,1,1,0,0,0,0,0,0,0,NA,0,0,NA,0,0,0,NA,0,NA,0,0,0,0,0,0,0,0,0,0,0,0,0,0,0,0,0,0,0,0,0,0,0,0,NA,0,0,0,NA,0,0,0,0,1,1,1,1,1,0,1,1,1,1,1,1,1,1,NA,1,1,1,0,1,0,0,0,0,0,0,0,0,0,NA,0,NA,NA,0,0,0,0,0,0,0,0,0,0,1,0,0,0,0,0,0,0,0,0,0,0,0,0,0,0,NA,0,0,0,0,0,0,0,0,0,0,0,0,0,0,0,0,0,0,0,0,0,0,0,0,0,NA,0,0,0,0,NA,0,0,0,0,0,0
"5:75404965",0,0,NA,0,0,0,0,NA,0,NA,0,0,0,0,0,0,NA,0,NA,NA,0,0,0,0,0,1,1,1,NA,1,1,NA,0,0,0,0,0,0,0,0,NA,NA,0,0,0,0,0,NA,0,0,0,0,0,NA,0,0,0,0,0,0,0,0,0,0,0,0,0,0,0,0,0,0,0,0,0,0,0,0,0,0,0,1,1,1,1,1,0,1,1,1,1,1,1,1,1,0,1,1,1,1,1,0,0,0,NA,0,0,0,0,0,0,0,0,NA,0,0,0,0,0,0,0,0,0,0,1,0,0,0,0,0,NA,0,0,0,0,0,0,0,0,0,0,0,0,0,0,0,0,0,0,0,0,0,0,0,0,0,0,0,0,0,0,0,0,NA,NA,NA,0,0,0,0,0,0,0,0,0,0,0,0
"16:60450958",0,0,NA,0,NA,NA,0,0,NA,0,0,NA,0,0,0,0,0,0,0,0,0,0,0,0,0,1,1,1,NA,0,0,0,0,0,0,NA,NA,NA,0,0,0,NA,0,0,0,0,NA,0,0,0,0,0,NA,0,0,0,0,0,0,0,0,0,0,0,0,0,0,0,0,0,0,0,0,0,0,0,0,0,0,0,0,0,1,0,0,1,0,1,0,0,0,0,1,0,0,0,1,0,0,0,0,0,0,0,0,0,0,0,0,0,0,0,0,NA,0,0,0,0,NA,NA,0,0,0,NA,0,0,0,0,0,0,0,0,0,0,0,0,0,NA,0,0,0,0,0,0,0,0,0,0,0,0,0,0,0,0,0,0,0,0,0,0,0,0,0,0,0,0,NA,0,NA,0,0,0,0,0,0,0,0,0
"8:124255031",0,0,NA,0,NA,0,NA,NA,NA,NA,0,0,NA,NA,NA,NA,0,NA,0,0,0,0,0,0,NA,1,1,1,0,NA,0,0,NA,0,0,NA,0,NA,0,0,NA,NA,NA,0,NA,NA,0,0,0,NA,1,0,NA,0,0,0,NA,NA,0,0,0,NA,0,NA,0,0,0,0,0,0,0,NA,0,0,NA,NA,0,0,0,0,NA,NA,1,NA,0,NA,NA,1,1,0,0,0,0,NA,0,NA,0,0,0,NA,0,NA,NA,0,0,0,NA,NA,NA,NA,1,0,NA,0,0,0,0,0,NA,0,NA,0,0,NA,0,0,0,NA,0,0,NA,NA,0,NA,0,0,NA,0,NA,NA,0,NA,1,0,NA,0,NA,NA,NA,0,0,0,0,0,NA,0,0,0,0,NA,NA,0,0,NA,0,0,1,0,NA,NA,0,0,0,NA,NA,NA,0,0
"4:48726169",0,0,0,0,0,0,0,0,0,0,0,0,0,0,0,0,0,0,0,NA,0,0,0,0,0,1,1,1,0,0,NA,0,0,0,0,0,0,0,0,0,0,0,0,0,0,0,NA,0,0,0,0,NA,0,NA,0,0,0,0,0,0,0,0,0,0,0,0,0,0,0,0,NA,0,0,0,0,0,0,0,0,0,0,0,0,0,0,0,0,1,1,NA,0,0,0,0,0,0,0,0,0,0,0,0,0,0,0,0,0,0,NA,0,0,0,0,0,NA,0,0,0,0,0,0,0,0,0,0,0,0,0,0,0,0,0,0,0,0,0,0,0,0,0,0,0,0,0,NA,0,0,0,0,0,0,0,0,0,0,0,0,0,0,0,0,0,0,NA,0,0,0,0,0,0,0,0,0,0,0,0,0,0
"14:106658145",NA,0,NA,0,0,0,0,0,0,0,0,NA,NA,0,0,0,NA,NA,0,0,0,NA,NA,0,0,1,0,1,NA,0,0,NA,0,0,0,0,0,NA,NA,0,0,NA,NA,0,0,NA,0,0,0,NA,0,0,0,0,NA,0,0,0,0,0,0,NA,0,0,0,0,NA,0,0,0,0,0,0,0,0,0,0,0,0,0,0,0,1,0,0,0,0,1,1,0,0,0,NA,0,0,0,0,0,0,0,0,0,NA,NA,0,0,0,0,NA,0,0,NA,0,0,0,0,0,0,0,0,0,0,0,0,0,0,0,0,0,NA,0,0,0,0,0,0,0,0,0,0,0,0,0,0,0,0,0,0,0,0,NA,0,0,0,NA,0,0,NA,0,0,0,0,0,0,0,0,0,0,0,0,0,0,0,0,0,0,0,0
"3:73463387",NA,0,0,NA,NA,0,0,0,0,0,0,0,0,0,0,NA,0,0,NA,0,0,NA,0,0,0,1,1,1,0,0,0,NA,NA,0,0,0,0,0,0,0,0,0,NA,0,0,0,0,0,0,0,0,0,0,0,0,0,0,0,0,0,0,0,0,0,0,0,0,0,0,0,0,0,0,0,0,0,0,0,0,0,0,0,1,0,0,0,0,1,1,0,0,0,0,NA,NA,0,0,0,0,0,0,0,0,0,0,0,0,0,0,0,0,0,0,0,0,0,0,0,0,0,0,0,0,0,0,0,0,0,0,0,0,0,0,0,0,0,0,0,0,0,0,0,0,0,0,0,0,0,0,0,0,0,0,NA,0,0,0,0,0,0,0,0,0,0,0,0,0,NA,0,0,0,0,0,0,0,0,0,0
"13:76877636",0,0,NA,0,0,0,0,0,0,0,0,0,NA,0,1,0,0,0,0,0,0,0,0,0,0,0,0,0,0,0,0,1,0,0,0,0,0,0,1,0,0,NA,0,0,0,0,NA,0,0,0,1,0,0,NA,NA,NA,0,NA,NA,0,0,0,NA,0,NA,0,0,NA,0,NA,0,0,NA,NA,0,0,0,0,NA,0,0,0,0,0,NA,NA,NA,0,0,0,0,0,0,0,0,0,0,0,0,0,0,NA,NA,0,0,NA,0,0,0,0,0,0,0,NA,0,0,0,0,0,NA,0,0,0,0,0,0,0,NA,NA,0,0,NA,0,0,0,0,0,0,0,0,0,NA,NA,0,1,0,NA,0,0,0,0,0,0,0,0,0,0,0,NA,NA,0,0,0,1,NA,0,0,NA,0,0,0,NA,0,0,0,0,0,0
"9:3874252",0,0,0,0,0,0,0,0,0,NA,0,0,0,0,1,0,0,0,NA,NA,NA,0,0,0,0,0,0,0,0,0,0,1,0,0,NA,0,0,0,1,NA,NA,NA,0,0,0,NA,0,0,0,0,0,0,0,0,NA,0,0,0,0,NA,0,0,0,0,0,0,0,0,NA,0,0,0,0,0,NA,0,0,0,0,0,0,0,0,0,NA,0,0,0,NA,0,0,0,0,0,0,NA,0,0,0,0,0,0,0,0,0,0,0,0,0,0,NA,0,0,NA,NA,0,NA,0,0,0,0,0,0,0,0,0,0,0,0,0,0,0,0,0,0,0,0,0,0,0,0,0,0,0,0,0,0,0,0,0,0,0,0,0,0,0,0,0,0,0,NA,0,NA,0,NA,0,0,0,0,0,0,0,0,0,0,0,0,0
"4:39113821",0,0,NA,0,0,0,0,0,0,0,0,NA,0,0,1,0,NA,0,0,0,0,0,0,0,0,0,0,0,0,0,0,1,0,NA,0,0,0,NA,1,0,0,0,0,0,0,0,0,0,0,0,0,0,0,0,0,NA,0,0,0,0,0,0,0,0,0,0,0,0,0,0,0,0,0,0,0,NA,0,0,0,0,0,0,0,0,0,0,0,0,0,NA,0,0,0,0,0,0,0,0,0,0,0,0,0,0,0,0,NA,NA,0,NA,0,0,0,0,0,0,0,0,NA,0,0,0,0,0,0,NA,0,0,0,0,0,NA,0,0,0,0,0,0,0,0,NA,0,0,0,0,0,0,0,0,0,0,NA,0,0,0,0,0,0,0,0,0,0,0,NA,NA,0,0,NA,0,0,0,NA,0,0,0,0,0,0
"4:60242476",0,0,NA,NA,0,0,0,0,NA,0,NA,NA,NA,0,1,NA,0,0,NA,0,0,NA,NA,0,0,0,0,NA,0,0,NA,1,NA,NA,0,0,NA,NA,1,NA,NA,0,0,0,0,0,0,0,0,0,0,0,0,0,0,0,0,0,0,0,0,0,0,0,0,0,0,0,0,0,0,0,0,0,0,0,0,0,0,0,0,0,0,0,0,0,0,0,0,0,0,0,0,NA,0,0,0,0,0,NA,0,0,0,0,0,0,0,0,0,0,0,0,0,0,0,0,0,0,0,0,0,0,NA,0,0,0,0,0,0,0,0,0,0,0,NA,0,0,0,0,0,0,0,0,0,NA,0,0,0,0,0,0,0,0,0,0,0,0,0,0,0,0,0,0,1,0,0,0,0,0,0,0,0,0,0,NA,0,0,0
"2:98275971",0,0,NA,0,0,0,0,0,0,0,0,0,0,0,NA,0,0,0,0,0,0,0,0,0,0,0,NA,0,0,NA,0,0,0,0,0,0,0,0,0,0,0,NA,0,0,0,0,0,NA,0,0,0,0,0,0,NA,0,1,1,NA,NA,0,0,0,0,0,0,0,0,NA,NA,0,NA,0,NA,0,0,0,0,NA,0,0,0,0,0,0,0,0,NA,0,0,0,0,0,0,0,0,0,0,0,0,0,0,0,0,0,0,0,0,0,0,0,0,0,NA,NA,0,0,NA,0,NA,0,0,0,0,0,0,0,0,NA,0,0,0,0,0,0,0,0,0,0,0,0,0,0,0,0,0,0,0,0,0,0,0,0,NA,0,NA,0,NA,0,0,0,0,0,NA,NA,0,NA,0,0,0,0,0,0,0,0,0,0,0
"6:167200902",NA,0,0,NA,NA,0,0,NA,1,0,0,0,0,0,NA,NA,0,0,0,0,NA,NA,1,NA,0,0,NA,NA,NA,0,NA,0,NA,0,0,NA,0,0,0,0,0,0,NA,NA,0,0,0,0,0,0,0,0,0,1,1,1,1,NA,0,0,0,0,0,1,0,NA,0,0,NA,0,0,0,0,0,0,0,0,NA,0,0,0,0,0,0,0,0,0,0,0,0,0,0,0,0,0,0,0,0,0,0,0,0,0,0,0,0,NA,0,0,0,0,0,0,NA,0,0,0,0,NA,0,0,0,0,0,0,0,0,0,0,0,0,0,0,0,0,NA,0,0,0,0,0,0,0,0,0,0,0,0,0,0,0,0,0,0,0,0,0,0,0,0,0,0,0,NA,0,0,0,0,0,NA,NA,0,0,0,0,0,0,0
"13:112025002",0,NA,0,0,NA,0,NA,0,1,NA,NA,0,0,NA,NA,0,NA,NA,0,NA,NA,0,NA,NA,0,0,NA,NA,NA,0,0,0,NA,0,NA,0,NA,NA,NA,NA,0,0,0,NA,0,0,0,0,0,0,0,NA,1,1,1,1,1,1,0,0,0,NA,0,1,0,0,0,0,0,0,0,0,0,NA,0,0,0,0,0,0,0,0,0,0,0,0,0,0,0,0,0,0,NA,0,0,0,0,0,0,0,0,0,0,0,0,0,0,0,0,NA,NA,0,0,0,0,0,0,0,0,0,0,NA,0,0,0,0,0,0,0,0,0,0,0,0,0,0,0,0,0,0,0,0,NA,0,0,0,0,0,0,0,0,0,0,0,0,0,0,0,0,0,0,NA,0,0,0,0,NA,0,NA,NA,0,0,0,0,0,0,0,0
"2:159565785",0,0,0,0,0,0,0,0,1,NA,0,0,0,0,NA,0,0,0,0,0,NA,0,NA,0,0,0,0,0,NA,0,0,0,0,0,0,0,0,0,NA,NA,0,0,0,NA,0,NA,0,0,0,0,0,0,0,1,1,1,1,1,0,0,0,0,0,1,0,0,0,0,0,0,0,0,0,0,0,0,NA,0,0,0,0,0,0,0,0,0,0,0,0,0,0,0,0,0,0,0,0,0,0,0,0,0,0,NA,0,NA,0,0,0,0,0,0,0,0,0,0,0,0,0,0,0,0,0,0,0,0,0,0,0,0,0,0,0,0,0,0,0,0,0,0,0,0,0,0,0,0,0,0,0,0,0,0,0,0,0,0,0,0,0,NA,0,0,0,0,0,0,0,0,0,0,0,NA,0,0,0,0,0,0
"3:171291982",0,0,0,0,0,0,0,0,1,0,0,0,0,0,0,0,0,0,0,0,0,0,0,0,0,0,0,0,0,0,0,0,0,0,0,0,0,0,0,0,0,0,0,0,0,0,0,NA,NA,NA,0,NA,0,1,NA,1,1,1,NA,NA,0,0,0,1,0,0,0,0,NA,NA,0,NA,0,0,0,0,NA,0,NA,0,0,0,NA,0,NA,0,0,NA,0,0,0,0,0,0,NA,0,NA,0,0,0,0,0,0,NA,NA,0,NA,0,0,0,0,0,0,NA,0,NA,NA,0,0,0,0,0,0,NA,0,0,NA,NA,0,0,0,0,0,0,NA,0,0,0,0,NA,0,NA,0,NA,0,NA,0,0,0,0,0,NA,NA,NA,0,0,0,0,0,NA,0,NA,0,NA,NA,0,NA,0,0,0,0,0,0,0,0,0,NA,NA
"12:33112948",NA,0,NA,0,0,0,NA,NA,0,0,NA,NA,0,NA,0,NA,0,0,0,NA,NA,0,NA,0,NA,0,0,NA,0,0,NA,0,NA,0,0,NA,0,0,0,NA,NA,NA,NA,0,NA,NA,NA,0,0,0,0,NA,0,0,NA,0,0,0,0,0,0,0,0,0,0,0,0,0,0,0,0,0,0,0,0,1,0,0,0,0,0,0,0,0,1,0,0,0,0,0,0,0,0,0,0,0,0,0,0,0,0,0,0,0,0,0,0,0,0,0,0,0,0,NA,0,0,0,0,0,0,0,0,0,0,0,0,0,0,0,0,0,0,0,0,0,0,0,0,0,0,NA,NA,0,0,0,0,0,1,0,NA,NA,0,0,0,0,0,0,NA,0,0,0,0,0,0,0,0,0,0,0,0,NA,0,0,0,0,0,0,0
"19:37548268",NA,0,0,NA,0,NA,0,0,0,0,0,0,0,0,NA,0,0,0,0,0,0,0,0,0,0,0,0,0,0,0,0,0,0,0,0,0,0,0,0,1,1,0,0,0,0,NA,0,0,NA,0,0,0,0,0,0,NA,0,0,0,NA,0,0,NA,0,0,0,0,0,0,0,0,NA,0,0,NA,0,NA,NA,0,0,NA,0,1,0,NA,0,0,0,0,0,0,NA,0,0,0,NA,0,0,0,0,0,NA,0,0,NA,0,0,NA,0,0,NA,0,0,0,0,0,0,0,0,0,0,0,0,0,NA,0,NA,0,0,0,0,NA,0,0,0,NA,NA,0,0,0,0,NA,NA,NA,0,0,0,1,0,0,0,0,NA,NA,NA,0,NA,0,0,0,0,0,0,0,NA,NA,0,0,NA,0,0,NA,0,0,0,0,0,0
"12:20936595",0,1,0,1,NA,0,0,0,NA,NA,NA,0,NA,NA,NA,NA,0,1,0,NA,0,0,0,1,0,NA,NA,NA,NA,0,0,0,1,0,1,0,1,1,1,1,NA,0,1,1,0,NA,1,NA,NA,NA,0,0,NA,NA,NA,NA,1,0,NA,NA,0,0,0,NA,0,NA,0,NA,0,1,1,0,0,NA,0,0,NA,0,NA,0,0,0,0,NA,NA,NA,0,NA,0,NA,NA,0,NA,0,1,NA,NA,0,0,0,0,0,NA,NA,0,0,0,0,0,0,1,1,1,0,NA,NA,NA,0,0,NA,1,NA,0,NA,0,1,0,0,NA,0,0,NA,1,0,NA,NA,0,NA,0,0,0,0,0,0,0,0,0,NA,1,NA,0,NA,NA,NA,NA,0,NA,1,NA,NA,1,0,0,0,NA,NA,0,0,0,1,NA,NA,NA,0,0,0,NA,0
"12:20936604",0,1,0,1,NA,NA,0,0,NA,0,0,0,NA,0,0,0,0,1,NA,0,0,0,0,0,0,1,NA,1,0,0,NA,NA,0,0,1,NA,1,1,1,NA,0,0,1,1,0,1,1,NA,NA,NA,0,0,NA,NA,NA,NA,1,0,NA,NA,0,0,0,NA,0,0,0,NA,0,1,1,0,0,NA,0,0,NA,0,NA,NA,0,0,NA,NA,NA,NA,0,NA,0,NA,NA,0,NA,0,1,NA,NA,0,0,0,0,0,1,NA,0,0,0,NA,NA,0,1,1,1,0,NA,NA,NA,0,0,NA,0,0,0,NA,0,1,0,0,NA,0,0,NA,1,0,NA,NA,0,NA,0,0,0,0,0,0,0,0,0,0,1,NA,NA,NA,NA,NA,NA,0,NA,1,1,NA,NA,0,0,0,NA,NA,0,0,0,1,NA,NA,NA,0,0,0,NA,0
"12:20936608",0,1,0,1,NA,1,0,0,0,0,0,0,NA,0,NA,0,0,NA,0,0,0,0,0,0,0,NA,NA,1,0,0,0,0,0,0,1,0,1,1,1,NA,0,0,1,NA,0,1,1,NA,NA,NA,0,0,NA,NA,NA,NA,NA,0,NA,NA,0,0,0,NA,0,NA,0,NA,0,1,NA,0,0,NA,0,NA,NA,0,NA,NA,0,0,NA,NA,NA,NA,NA,NA,0,NA,NA,0,NA,0,1,NA,NA,0,0,0,0,0,1,NA,0,NA,0,0,NA,0,1,0,1,0,NA,NA,NA,0,0,NA,0,0,0,NA,0,1,0,0,NA,0,0,NA,1,0,NA,NA,0,NA,0,0,0,0,0,0,0,0,0,0,1,NA,NA,NA,NA,NA,NA,0,NA,1,1,NA,1,0,0,0,NA,NA,0,0,0,1,NA,NA,NA,0,0,0,NA,0
"12:20936568",0,0,0,1,NA,0,0,0,NA,NA,0,0,NA,0,0,0,0,0,0,0,0,0,0,0,0,0,NA,0,0,NA,0,0,0,0,0,0,0,1,1,1,0,NA,NA,0,0,NA,1,NA,0,0,0,0,NA,NA,NA,NA,1,0,NA,NA,0,0,0,0,0,0,0,NA,0,1,0,0,0,NA,0,0,NA,0,NA,0,0,NA,0,NA,NA,NA,0,NA,0,NA,NA,0,NA,NA,0,NA,0,0,0,0,0,NA,1,NA,0,0,0,0,0,NA,0,0,1,NA,NA,0,NA,NA,0,NA,0,NA,0,0,0,1,0,0,0,0,0,NA,0,0,1,NA,0,NA,0,0,0,0,0,0,0,0,0,0,1,NA,0,NA,NA,0,NA,NA,0,NA,NA,NA,NA,0,0,0,NA,NA,0,0,0,0,NA,0,NA,0,0,NA,0,0
"12:20936580",0,1,NA,1,NA,0,0,0,NA,0,0,0,NA,0,NA,0,0,1,0,0,NA,0,NA,1,0,1,NA,0,0,0,0,0,0,0,0,0,0,1,1,1,0,1,1,0,NA,1,1,NA,0,NA,0,0,NA,NA,NA,NA,1,0,NA,NA,0,0,NA,0,0,NA,0,NA,0,1,0,0,0,NA,0,0,NA,0,NA,0,0,NA,0,NA,NA,NA,0,NA,0,NA,NA,0,NA,0,0,NA,0,0,0,0,0,0,1,NA,0,0,0,0,0,NA,1,0,1,0,NA,1,NA,0,0,NA,0,0,0,NA,0,1,0,0,0,0,0,NA,0,0,1,NA,0,NA,0,0,0,0,0,NA,0,0,0,0,1,NA,0,NA,NA,0,NA,0,NA,1,0,NA,NA,0,0,0,NA,NA,0,0,0,0,NA,0,NA,0,0,0,0,0
"3:115022565",0,0,0,NA,0,0,0,NA,0,0,0,NA,0,0,0,NA,0,0,0,0,0,1,1,0,0,0,0,0,0,NA,1,0,0,NA,0,0,0,NA,1,NA,0,NA,NA,0,1,0,0,NA,0,NA,1,1,NA,NA,0,0,0,NA,0,0,0,0,0,0,0,0,0,0,0,1,0,0,0,0,0,NA,NA,0,0,0,0,0,0,0,NA,0,0,NA,NA,0,0,0,0,1,1,1,1,NA,0,0,0,0,0,NA,0,0,0,0,NA,0,0,0,1,NA,1,0,0,0,1,0,0,0,0,NA,NA,0,0,NA,0,0,NA,0,1,1,0,1,NA,0,0,NA,0,0,1,1,0,0,0,0,0,0,0,0,NA,0,NA,0,0,0,NA,NA,0,0,0,0,NA,0,0,NA,0,0,NA,0,NA,0,0,0,0,0
"3:115022573",0,0,0,0,0,0,NA,0,0,0,0,0,0,0,0,0,0,0,0,NA,0,NA,1,NA,NA,0,0,0,NA,0,1,0,NA,0,NA,0,0,NA,1,1,0,NA,0,0,1,0,0,NA,0,0,1,1,NA,NA,0,0,0,NA,0,0,0,0,NA,0,0,0,0,0,0,1,0,0,0,0,0,0,0,0,1,0,0,0,0,NA,0,0,0,NA,NA,NA,0,0,1,1,1,1,1,0,NA,0,0,0,0,NA,0,0,0,0,0,0,0,0,1,NA,1,0,0,1,1,0,0,0,0,NA,NA,0,NA,1,NA,NA,NA,NA,0,1,0,1,0,0,0,NA,NA,0,1,1,0,0,0,0,0,0,0,0,0,0,0,0,0,0,0,NA,0,0,0,0,NA,0,0,NA,0,0,NA,0,NA,0,0,NA,0,0
"3:115022574",0,0,0,0,0,0,0,0,0,NA,0,0,0,0,0,0,0,0,0,NA,0,NA,NA,0,0,0,NA,NA,NA,0,1,0,0,0,0,0,0,0,1,1,0,0,0,0,1,0,1,NA,0,0,1,1,NA,NA,0,0,0,NA,0,0,0,0,0,0,0,0,NA,0,0,1,0,0,0,0,0,0,0,NA,1,0,0,0,0,0,0,0,0,NA,0,NA,0,0,0,1,1,1,1,0,0,0,0,0,0,NA,0,0,0,0,0,0,0,0,1,NA,1,0,0,NA,1,0,NA,0,0,NA,NA,0,1,1,0,0,NA,0,0,1,0,1,NA,0,0,NA,0,0,1,1,0,0,0,0,0,0,0,0,0,0,0,0,0,0,NA,NA,0,0,0,0,NA,0,0,NA,0,0,NA,1,NA,0,0,0,0,0
"18:12007753",0,NA,0,1,1,0,NA,0,0,0,0,NA,0,0,0,0,0,0,0,NA,NA,0,0,0,0,0,0,0,1,NA,1,0,0,0,0,0,NA,0,0,NA,0,0,0,1,0,NA,1,NA,0,NA,NA,NA,0,1,NA,NA,0,0,NA,0,NA,NA,NA,0,NA,0,NA,NA,NA,1,NA,NA,NA,0,0,NA,1,NA,0,NA,0,0,NA,0,NA,1,NA,NA,NA,NA,NA,NA,NA,0,NA,NA,NA,1,NA,0,0,0,NA,NA,NA,NA,0,0,0,1,NA,0,0,NA,NA,NA,NA,0,1,0,NA,NA,0,0,NA,NA,0,0,NA,0,NA,0,0,0,0,0,0,NA,NA,NA,NA,NA,NA,1,NA,0,0,NA,NA,NA,0,NA,NA,NA,1,NA,1,NA,NA,NA,0,0,NA,NA,1,NA,NA,NA,NA,0,NA,NA,NA,0,1,0,NA,0
"18:12007764",NA,NA,0,1,1,0,NA,0,NA,0,NA,NA,NA,0,0,0,0,0,0,NA,0,0,NA,0,0,NA,0,0,0,NA,1,0,0,0,0,NA,NA,0,0,NA,0,0,0,0,0,0,0,NA,NA,NA,NA,NA,0,NA,NA,NA,0,0,NA,0,NA,NA,NA,0,NA,0,NA,NA,NA,0,NA,NA,NA,0,0,0,0,NA,0,NA,0,NA,NA,1,NA,0,NA,NA,0,NA,NA,NA,NA,NA,0,NA,0,1,NA,0,NA,NA,NA,NA,NA,NA,0,0,NA,NA,NA,NA,1,NA,NA,NA,NA,NA,NA,NA,NA,NA,0,0,NA,NA,NA,0,NA,0,NA,0,0,NA,0,0,0,0,NA,NA,NA,NA,NA,NA,NA,0,0,NA,0,NA,0,NA,1,NA,NA,NA,1,NA,NA,NA,NA,NA,NA,NA,1,NA,NA,NA,0,0,NA,NA,NA,0,1,0,NA,NA
"2:16828701",1,1,1,NA,NA,NA,NA,NA,0,NA,NA,NA,0,0,NA,0,NA,NA,0,0,0,NA,0,NA,NA,NA,0,NA,0,0,NA,NA,0,0,0,0,0,NA,NA,NA,0,NA,0,NA,NA,0,0,0,0,NA,0,NA,0,0,0,0,NA,0,0,0,0,0,0,0,0,0,0,0,0,0,NA,NA,0,0,0,0,0,0,NA,0,0,0,0,0,0,0,0,0,0,0,NA,0,0,NA,0,0,0,0,0,0,0,0,0,0,NA,0,0,0,NA,0,0,NA,0,0,NA,0,0,0,0,0,0,NA,NA,0,0,NA,NA,0,0,NA,1,1,0,0,NA,0,NA,0,0,0,0,NA,NA,0,0,0,0,0,0,0,0,0,0,0,NA,NA,0,0,0,0,NA,NA,0,0,0,0,0,1,0,0,0,0,NA,NA,0,1,NA,1
"5:123537944",1,1,1,NA,0,0,0,0,0,0,0,0,NA,0,0,0,0,0,0,0,NA,0,0,0,0,0,0,NA,0,0,0,0,NA,0,0,NA,0,0,0,0,0,0,0,0,0,0,0,NA,0,0,0,0,0,0,NA,0,0,0,0,0,0,0,0,0,0,0,0,0,0,NA,0,0,0,0,0,0,0,0,0,0,0,0,0,0,0,0,0,0,0,0,0,0,0,0,0,0,0,0,0,0,0,0,0,0,0,0,0,0,0,0,0,0,0,0,0,0,0,0,0,0,0,0,0,0,0,0,0,0,0,0,1,0,0,0,0,0,0,0,0,0,0,0,0,0,0,0,NA,0,0,0,0,0,0,0,0,0,0,0,0,0,0,0,0,0,NA,1,0,0,0,0,0,0,0,0,0,0,0,0
"15:95025322",1,1,1,0,0,0,0,NA,0,0,0,NA,0,0,0,0,0,0,0,0,0,0,0,0,0,0,0,0,0,0,0,0,0,NA,0,0,NA,0,0,0,0,0,0,NA,0,NA,0,NA,0,0,0,NA,0,NA,0,0,NA,0,0,0,0,0,0,0,0,0,NA,0,0,NA,NA,0,0,NA,NA,0,0,0,0,0,0,0,0,0,0,0,0,NA,0,NA,0,0,0,NA,0,NA,0,0,0,0,NA,0,0,NA,0,0,0,0,NA,0,0,NA,0,NA,0,0,NA,NA,0,0,0,0,0,0,0,0,0,0,0,0,1,0,0,NA,0,0,0,0,0,0,0,0,0,0,0,0,0,0,0,0,0,NA,NA,0,0,0,0,0,0,0,0,NA,0,NA,0,NA,0,0,0,0,NA,0,0,0,NA,0,0,0
"16:73910096",1,1,1,0,0,0,0,NA,0,NA,0,0,0,0,0,0,0,0,NA,0,0,NA,0,0,0,0,NA,0,NA,0,0,0,0,0,0,0,0,0,0,0,0,0,0,0,NA,NA,NA,0,0,0,NA,0,0,NA,0,0,0,0,0,0,0,0,0,0,0,0,0,0,0,0,0,0,0,NA,0,0,0,0,0,0,0,0,0,0,0,0,0,0,0,0,0,0,0,0,0,0,0,0,0,0,0,0,0,0,0,0,0,0,0,0,0,0,0,0,0,0,NA,0,0,NA,0,0,0,NA,0,0,0,0,0,0,1,0,0,0,0,0,0,0,0,0,0,0,0,0,0,0,0,NA,0,0,0,0,0,0,0,0,0,0,NA,NA,0,0,0,0,NA,0,NA,0,0,0,0,0,0,0,0,NA,NA,0
"20:17349794",1,1,1,NA,0,0,0,0,0,0,0,NA,0,0,0,0,0,0,0,0,0,0,0,NA,0,0,0,0,0,0,0,0,0,0,0,0,NA,0,0,0,0,0,0,NA,0,0,0,NA,NA,0,0,0,0,0,NA,NA,0,0,NA,0,0,NA,0,NA,NA,0,0,NA,0,NA,0,0,NA,0,1,0,NA,0,0,0,0,0,0,0,NA,0,NA,NA,0,0,0,NA,0,NA,0,0,0,0,0,0,0,0,0,NA,0,0,0,0,0,0,0,NA,0,NA,0,0,0,0,0,0,NA,0,0,0,NA,0,NA,0,NA,0,1,1,0,NA,0,0,0,NA,0,0,0,NA,0,NA,NA,0,0,0,0,NA,1,0,NA,NA,0,0,0,0,0,NA,0,0,0,NA,NA,0,0,0,0,0,0,NA,NA,0,0,0,0,0
"8:71921470",1,1,1,0,0,0,0,0,0,NA,0,0,0,0,0,0,NA,0,0,NA,0,NA,0,0,NA,0,NA,0,0,NA,0,0,0,0,0,NA,0,0,NA,NA,0,0,0,NA,0,0,NA,0,0,0,0,0,0,0,NA,0,0,0,0,0,0,0,0,0,0,0,0,0,0,0,0,0,0,0,0,NA,0,0,0,0,0,0,0,0,0,0,0,0,0,0,0,0,0,0,0,0,0,0,0,0,0,0,0,0,0,0,0,0,0,0,0,0,0,0,0,0,NA,0,0,0,0,0,0,0,0,0,NA,0,0,0,0,1,0,0,0,0,0,NA,0,0,0,0,0,0,0,0,0,0,0,0,0,NA,0,0,0,0,0,0,0,0,0,0,0,0,0,0,0,0,0,0,0,0,0,0,0,0,0,0
"2:71258694",1,1,1,0,NA,NA,0,0,NA,0,0,0,NA,0,0,0,NA,0,0,0,0,0,0,0,0,0,0,0,0,0,0,0,NA,0,NA,0,0,0,0,0,0,NA,NA,0,0,0,NA,0,0,0,0,0,0,0,NA,0,0,0,0,NA,NA,0,1,0,0,0,0,0,NA,NA,0,0,0,0,0,0,0,0,NA,0,0,0,0,0,0,NA,0,NA,0,0,NA,0,0,0,0,0,0,0,0,0,0,0,0,0,0,0,0,0,0,0,0,0,0,0,NA,0,0,0,0,0,0,NA,0,0,0,0,0,0,0,0,1,1,0,0,0,0,NA,0,NA,NA,NA,NA,0,NA,NA,0,0,NA,NA,0,0,NA,0,0,NA,0,0,0,0,0,NA,0,0,0,0,0,0,0,0,0,NA,0,0,NA,0,0,0,0
"7:36932461",1,1,1,0,0,0,0,0,0,0,NA,0,0,0,0,0,0,0,0,0,0,0,0,0,0,0,0,0,0,0,0,0,0,0,0,0,0,0,0,0,0,0,0,0,0,0,0,0,0,0,0,0,0,NA,NA,0,0,0,NA,NA,0,0,0,0,0,0,0,0,0,0,0,0,0,0,0,0,0,0,0,0,0,0,0,0,0,0,0,0,0,0,NA,0,0,0,0,0,0,0,0,0,0,0,0,0,0,0,0,0,0,NA,0,0,0,0,0,0,0,0,0,0,0,0,0,0,0,0,0,0,NA,0,1,1,0,0,0,0,0,0,0,0,0,0,0,NA,0,NA,0,0,0,0,0,0,0,0,0,0,0,0,0,0,0,0,0,0,0,0,0,0,0,0,0,0,0,0,0,0,0,0
"18:46645710",1,1,1,0,0,0,0,NA,0,0,0,0,0,0,0,0,0,0,0,0,0,0,0,0,0,0,0,0,0,0,0,0,0,0,0,0,0,0,NA,0,0,0,0,NA,0,0,0,0,0,0,0,NA,0,NA,NA,0,0,0,0,0,0,0,0,0,0,0,0,NA,NA,0,0,NA,0,0,0,0,NA,0,0,0,0,0,0,0,0,0,0,0,0,0,0,0,0,NA,0,0,0,0,0,0,NA,NA,0,0,0,0,0,0,0,0,0,0,0,NA,0,0,NA,0,0,0,0,0,0,0,0,0,0,0,0,NA,1,1,0,0,0,0,0,0,0,0,0,0,0,0,0,0,0,0,0,0,0,0,0,0,0,0,0,0,0,0,0,0,0,NA,0,0,0,0,0,0,0,0,0,0,0,0,0,0
"12:127835304",1,1,1,0,NA,0,0,0,NA,0,NA,NA,NA,0,0,0,0,NA,0,NA,NA,0,NA,0,0,0,NA,0,0,NA,NA,NA,NA,0,0,0,NA,NA,NA,0,0,0,0,NA,0,0,NA,0,0,0,0,0,0,0,NA,0,0,0,0,0,0,0,0,NA,0,0,NA,0,0,0,NA,0,0,0,0,0,0,0,0,0,0,0,NA,0,0,NA,0,0,0,0,0,0,0,0,0,0,0,0,0,0,0,0,0,0,NA,0,NA,NA,NA,NA,NA,0,NA,0,0,NA,0,NA,0,0,NA,0,0,0,0,0,0,0,0,0,1,1,NA,0,0,NA,NA,0,0,NA,0,0,0,0,0,0,NA,NA,NA,0,0,0,0,0,0,0,NA,0,0,NA,NA,0,0,0,NA,NA,0,0,0,NA,0,0,0,NA,0,NA,0,0
"12:44225827",1,1,1,0,0,0,NA,0,0,0,0,NA,0,NA,0,NA,0,NA,0,0,0,0,0,0,0,0,0,0,NA,0,0,NA,0,0,0,0,0,NA,NA,0,0,0,0,0,0,0,0,0,0,0,0,0,0,0,0,0,0,0,0,0,0,0,0,0,0,0,0,0,0,0,0,0,0,0,0,0,0,0,0,0,0,0,0,0,0,0,0,0,0,0,0,0,0,0,0,0,0,0,0,0,0,0,0,0,0,0,0,0,0,0,0,0,0,0,0,0,0,0,0,0,0,NA,0,0,0,0,0,0,0,0,1,1,0,0,0,0,0,0,0,0,0,0,0,0,0,0,0,0,0,0,0,0,0,0,0,0,0,0,0,0,0,0,0,0,NA,0,0,0,0,0,0,0,0,0,0,NA,0,0
"6:86952256",0,0,0,0,0,NA,0,0,NA,0,0,0,0,0,0,0,0,0,NA,NA,0,0,0,0,0,0,0,0,0,0,0,0,0,0,0,0,0,NA,0,0,0,0,0,0,0,0,0,NA,NA,1,0,0,0,0,NA,1,0,NA,NA,NA,NA,NA,NA,0,NA,0,NA,1,0,0,0,0,0,NA,NA,0,0,0,NA,NA,0,NA,0,NA,NA,NA,NA,0,0,NA,0,NA,NA,NA,NA,0,NA,NA,NA,0,0,0,0,NA,0,NA,0,0,0,NA,0,0,0,NA,NA,0,NA,0,0,0,0,0,0,0,NA,0,0,0,NA,0,0,0,0,0,0,0,0,0,0,0,1,NA,0,NA,0,0,0,0,0,NA,NA,NA,NA,NA,0,0,0,NA,NA,NA,0,0,0,NA,0,0,0,NA,0,0,1,NA,NA,0,0,0,0,0
"13:112862224",0,0,0,0,NA,0,0,0,0,0,0,0,0,NA,0,0,0,0,0,0,0,NA,NA,NA,NA,0,0,NA,0,0,0,NA,1,NA,0,0,0,1,0,0,0,NA,0,0,NA,0,0,1,1,1,0,0,0,0,NA,NA,0,0,0,0,0,0,0,0,0,0,0,0,0,1,0,0,0,0,0,0,0,0,0,NA,0,0,0,0,0,0,0,0,0,0,0,0,NA,0,0,0,0,0,0,0,0,0,0,0,NA,0,0,0,0,0,0,0,0,NA,0,0,0,0,0,0,0,0,0,NA,0,0,0,0,NA,0,0,0,0,0,0,0,0,0,0,0,0,0,0,0,0,0,NA,0,0,0,0,0,0,0,0,0,0,0,0,0,0,0,0,0,NA,0,0,0,0,0,0,0,0,0,0,0,0,0
"8:132980958",0,0,0,NA,0,0,0,0,0,NA,0,0,0,0,0,0,0,0,0,0,0,0,NA,NA,0,0,0,0,0,0,0,NA,NA,0,0,0,0,1,0,0,0,NA,0,0,0,0,NA,1,1,1,0,NA,0,0,NA,0,0,0,0,0,0,NA,0,NA,0,0,0,0,0,0,NA,NA,0,0,0,0,0,0,0,0,0,0,0,0,0,0,0,NA,0,0,0,0,0,0,0,0,0,0,0,0,0,0,0,0,0,0,0,0,0,0,NA,0,0,0,0,0,NA,0,0,0,0,0,0,NA,0,0,0,0,0,0,0,0,0,0,0,0,NA,0,0,0,0,0,0,0,0,0,0,0,0,0,0,0,0,0,0,0,0,0,0,0,0,0,0,0,NA,0,0,NA,0,0,0,0,0,NA,0,0,NA,NA
"12:119248594",1,0,0,0,NA,0,0,0,0,NA,0,0,0,0,0,NA,0,0,NA,NA,NA,0,0,0,0,0,0,0,0,0,NA,0,0,0,NA,0,0,1,0,0,0,0,0,0,0,0,0,1,1,1,0,0,NA,NA,0,NA,0,0,0,NA,0,0,0,0,0,0,0,NA,0,0,0,0,NA,0,0,1,0,0,0,0,0,0,0,0,0,0,0,0,0,0,0,0,0,0,0,0,0,0,0,0,0,0,0,0,0,NA,0,0,0,0,0,NA,0,0,0,NA,0,0,0,NA,0,0,0,0,0,0,0,0,0,0,0,0,NA,0,0,0,0,0,0,0,0,0,0,0,0,0,0,0,0,NA,0,0,0,NA,0,0,0,0,NA,NA,0,0,NA,0,0,NA,NA,0,0,NA,0,0,NA,0,0,0,0,0
"4:97870106",NA,0,0,NA,0,0,NA,NA,0,NA,1,NA,0,0,0,0,0,0,0,0,0,0,0,0,0,0,NA,NA,NA,0,NA,NA,0,0,0,0,0,1,NA,0,NA,0,0,0,0,0,NA,1,1,1,0,0,0,0,0,0,NA,NA,0,0,0,0,0,0,0,0,0,0,0,NA,NA,0,0,0,0,0,0,0,0,0,0,0,0,0,NA,0,0,0,NA,0,0,0,0,0,0,NA,0,0,NA,0,0,0,NA,0,NA,0,0,0,0,NA,0,0,0,NA,0,0,0,0,0,0,0,NA,0,0,0,NA,0,0,0,0,0,0,0,0,0,0,0,0,NA,0,0,NA,NA,0,0,0,0,0,0,0,0,0,0,0,NA,0,0,0,0,NA,0,0,0,NA,0,0,NA,0,0,0,0,0,0,0,0,0,0,0
"3:172922565",0,0,NA,0,NA,0,0,0,0,0,1,0,NA,0,0,0,0,0,0,0,0,0,NA,NA,NA,NA,0,0,0,0,0,0,0,0,0,0,0,1,0,0,0,0,0,0,0,0,NA,1,1,1,0,NA,NA,NA,NA,NA,0,0,NA,NA,0,0,0,0,0,0,0,0,0,0,0,0,NA,0,0,0,0,0,0,0,0,0,NA,0,NA,0,0,NA,0,0,NA,0,0,NA,0,0,0,0,0,NA,0,0,0,NA,NA,NA,NA,0,0,0,0,0,0,NA,0,0,0,0,NA,0,0,0,0,NA,0,0,NA,0,0,0,NA,0,0,0,0,0,0,0,0,0,0,NA,0,0,0,0,0,0,0,0,0,0,NA,NA,0,0,0,NA,0,NA,0,NA,0,0,NA,NA,NA,NA,0,NA,NA,0,0,0,0,NA,0,0
"20:59792661",0,0,0,0,0,0,0,0,NA,NA,1,0,0,0,0,0,0,0,0,0,0,NA,0,0,0,0,0,0,0,0,0,0,0,0,0,0,0,1,0,0,NA,NA,0,0,0,0,NA,1,1,1,0,0,NA,0,NA,NA,0,0,NA,NA,NA,NA,0,NA,NA,NA,0,0,0,NA,0,NA,NA,0,NA,0,NA,0,0,0,0,0,NA,0,NA,NA,NA,NA,0,0,0,0,NA,NA,0,0,0,NA,0,NA,0,0,0,NA,NA,0,0,0,NA,0,NA,NA,NA,NA,0,NA,NA,0,NA,0,0,NA,NA,0,NA,NA,0,0,NA,0,0,0,0,0,0,NA,0,NA,0,NA,0,NA,NA,NA,0,NA,NA,0,0,NA,0,0,0,NA,0,NA,0,0,NA,0,0,NA,NA,0,NA,0,NA,0,0,0,0,NA,NA,0,0,NA,NA,0
"13:59836804",0,0,0,0,0,NA,0,0,0,0,1,0,0,0,0,0,0,0,0,0,0,NA,0,0,0,0,0,NA,0,NA,0,0,0,0,0,NA,0,1,0,0,0,0,0,0,0,NA,0,1,1,1,0,0,0,0,0,0,0,0,0,0,0,0,NA,NA,0,0,0,0,0,0,0,0,0,0,0,0,0,0,0,0,0,0,0,0,0,0,0,0,0,0,0,0,0,0,0,0,0,0,0,0,0,0,0,0,0,0,0,0,0,0,0,0,NA,0,0,0,0,0,0,0,0,0,0,0,0,0,0,0,0,0,0,0,0,0,0,0,0,0,0,0,0,0,0,0,0,0,0,0,0,0,0,0,0,0,0,0,0,0,0,0,0,0,0,0,0,0,0,0,0,0,0,0,0,0,0,0,0,0
"2:127494476",NA,0,0,0,NA,0,NA,0,0,0,1,0,0,0,0,NA,0,0,NA,0,0,NA,0,0,0,0,0,0,0,0,0,0,0,0,NA,0,0,1,NA,NA,0,0,0,0,0,0,0,1,1,1,0,0,0,0,NA,0,0,NA,NA,NA,0,NA,NA,0,0,0,NA,NA,NA,NA,0,0,0,0,0,NA,0,0,0,0,0,NA,0,0,NA,0,0,0,0,NA,NA,0,NA,0,NA,0,0,NA,0,0,0,0,NA,NA,NA,NA,0,0,0,0,0,NA,0,NA,0,0,NA,0,NA,0,0,0,NA,NA,NA,0,0,0,0,0,0,0,0,0,0,NA,0,0,0,0,NA,0,0,0,0,0,0,0,NA,NA,0,NA,NA,0,NA,NA,0,0,NA,NA,0,0,NA,NA,0,0,NA,0,NA,0,NA,NA,0,0,0,NA,0,0
"11:8969473",0,0,NA,0,0,NA,0,NA,NA,NA,NA,0,NA,0,NA,0,0,NA,0,NA,NA,NA,0,0,0,0,NA,NA,NA,NA,NA,NA,NA,0,NA,0,NA,0,NA,0,0,0,NA,0,NA,NA,0,0,0,0,0,0,0,0,0,0,0,0,NA,0,0,0,NA,0,0,0,0,0,NA,0,NA,NA,0,0,NA,0,0,0,0,NA,0,NA,NA,0,0,0,0,NA,0,0,0,0,0,0,0,0,0,0,0,0,0,0,0,0,0,0,0,0,0,NA,NA,0,0,0,NA,0,NA,0,0,0,0,0,NA,0,0,0,0,0,0,0,0,NA,0,0,0,0,0,0,0,0,0,0,0,NA,0,0,0,0,1,1,1,NA,0,0,0,0,0,0,0,NA,0,0,0,0,0,0,0,0,0,0,0,0,0,NA,1,1,0,0
"8:15422015",NA,0,NA,NA,NA,0,0,NA,NA,0,0,0,0,0,0,0,NA,NA,NA,0,NA,0,0,NA,NA,0,NA,0,NA,0,NA,0,NA,0,0,0,NA,NA,NA,0,0,0,0,0,NA,NA,0,0,0,0,0,0,0,0,0,0,0,0,0,0,0,NA,0,0,0,0,0,0,0,0,0,0,0,0,0,0,0,0,0,0,0,0,0,0,0,0,NA,0,0,0,0,NA,0,0,0,0,0,0,0,0,0,0,0,0,0,0,0,0,0,0,NA,0,0,0,0,0,0,0,0,0,0,NA,0,0,0,0,0,0,0,0,0,0,0,0,0,NA,0,0,NA,0,0,0,0,0,0,0,0,0,1,1,1,0,0,0,NA,0,0,0,0,0,0,0,0,0,0,0,0,0,0,0,0,0,0,0,1,1,NA,0
"4:102821589",0,0,NA,0,0,NA,NA,0,0,0,NA,NA,0,0,NA,0,NA,0,0,0,0,NA,NA,0,0,0,0,0,0,0,0,NA,0,NA,0,0,0,0,NA,0,NA,0,0,0,0,0,0,0,0,0,0,0,0,0,0,0,NA,0,NA,NA,0,0,0,0,0,0,0,0,0,NA,0,0,0,0,0,0,0,0,0,NA,0,0,0,0,0,0,NA,0,0,0,NA,0,0,0,0,0,0,0,0,0,0,0,0,0,0,0,0,0,0,0,0,0,0,0,0,0,0,0,0,0,NA,NA,0,0,0,0,NA,0,0,0,0,0,0,0,0,0,0,0,0,0,NA,0,0,0,0,NA,NA,0,0,0,1,0,0,0,0,0,0,0,0,0,0,0,0,0,0,0,0,0,0,0,0,0,0,0,1,1,0,0
"4:26598689",0,0,NA,NA,0,0,0,0,0,0,0,0,NA,0,0,0,0,0,NA,0,0,0,0,0,0,NA,NA,0,0,0,0,0,0,0,0,0,0,NA,0,NA,1,NA,0,0,NA,0,0,0,0,0,0,0,0,0,0,0,0,0,0,0,NA,0,0,0,0,0,NA,0,0,0,0,0,0,0,0,0,0,0,0,0,0,0,0,0,0,0,0,NA,0,0,NA,0,0,0,0,0,0,0,0,0,0,0,0,NA,NA,0,0,0,0,0,0,0,0,0,0,0,NA,0,0,0,0,0,0,0,NA,0,0,1,0,0,0,0,0,0,NA,0,0,0,0,0,0,0,0,0,0,0,0,0,NA,0,1,0,0,0,0,0,0,NA,0,0,0,0,0,0,0,0,NA,0,0,0,0,0,0,0,1,1,0,0
"14:85491636",0,0,NA,0,0,0,0,0,NA,NA,0,NA,0,0,0,0,0,0,NA,NA,0,0,0,0,0,0,0,0,NA,0,0,NA,0,0,0,NA,0,0,0,1,1,1,0,1,NA,0,NA,0,0,0,0,0,0,NA,0,0,0,NA,NA,NA,0,NA,NA,0,0,0,0,NA,0,0,0,0,0,0,0,0,0,0,0,0,0,0,0,0,0,0,0,NA,0,0,0,0,0,0,NA,0,0,0,0,0,0,0,0,0,0,0,0,0,0,NA,0,0,0,NA,0,0,0,0,0,0,0,0,NA,0,0,0,0,0,0,0,0,0,0,0,0,0,NA,0,0,0,0,NA,0,0,NA,1,1,1,1,NA,1,0,0,0,0,0,0,0,0,0,0,0,0,0,0,0,NA,0,0,NA,0,0,0,1,1,1,0,NA
"4:14568931",0,0,0,0,0,0,0,NA,0,1,0,0,0,0,0,0,0,0,0,0,0,0,0,0,0,0,NA,0,0,0,0,0,0,0,0,0,0,NA,0,1,1,1,1,1,0,0,0,0,0,0,0,0,0,NA,NA,NA,0,0,0,NA,0,NA,0,0,0,0,NA,NA,0,0,0,NA,0,0,0,0,NA,0,0,NA,0,0,0,0,NA,0,0,0,NA,NA,0,0,0,0,NA,0,0,0,0,0,0,0,0,NA,0,0,0,0,0,NA,0,0,0,NA,0,0,NA,NA,0,NA,1,1,1,NA,0,0,NA,0,0,0,0,0,0,0,0,0,0,0,0,1,1,1,1,0,0,1,1,1,0,1,1,NA,NA,0,0,0,0,0,0,0,0,0,NA,0,NA,NA,0,0,0,0,0,0,0,1,1,1,0,NA
"8:11542936",0,0,0,0,0,0,0,0,0,1,NA,0,0,0,0,NA,0,0,0,0,0,0,NA,0,0,0,0,0,0,0,0,0,0,0,NA,0,0,0,0,1,1,1,1,NA,0,NA,0,NA,0,0,0,0,NA,0,NA,0,0,0,0,0,0,0,0,0,NA,NA,0,NA,0,0,0,0,0,NA,NA,0,0,NA,0,NA,0,0,0,NA,NA,0,0,0,0,0,0,0,0,NA,0,NA,0,NA,0,0,NA,0,0,0,0,0,0,0,0,0,0,NA,0,0,NA,0,0,0,0,1,1,1,1,NA,0,NA,0,NA,0,0,0,NA,0,0,0,NA,0,0,1,1,1,NA,1,NA,1,1,1,1,1,NA,1,0,0,NA,0,0,NA,0,NA,0,0,NA,0,0,NA,NA,NA,NA,0,0,NA,NA,0,NA,1,0,NA,0
"12:8195321",0,0,0,0,NA,0,0,0,0,1,0,0,0,0,0,0,0,0,0,0,NA,0,0,0,0,NA,NA,0,0,0,0,0,NA,0,0,0,0,0,0,0,0,0,1,0,0,0,0,NA,NA,0,0,NA,0,0,NA,0,0,0,0,0,0,NA,0,0,0,0,NA,0,0,0,0,0,0,0,0,1,0,0,NA,0,0,0,0,0,0,0,NA,0,NA,NA,0,0,0,0,0,0,0,0,0,0,0,NA,0,0,0,0,0,0,0,0,0,0,0,NA,0,0,0,0,0,1,1,1,1,1,0,NA,NA,NA,0,0,0,0,0,0,0,0,NA,0,1,1,1,1,1,0,1,0,NA,0,0,0,0,0,0,0,0,0,0,NA,NA,0,0,0,0,0,0,0,NA,0,0,0,0,NA,NA,0,0,0,NA,0
"8:82872281",0,NA,0,0,0,NA,NA,0,NA,1,NA,NA,0,NA,0,NA,0,NA,0,0,NA,NA,NA,NA,NA,0,NA,NA,NA,0,NA,NA,0,0,NA,NA,NA,0,0,NA,NA,0,1,0,NA,NA,NA,0,0,0,0,0,0,0,0,0,0,NA,0,0,0,0,0,0,NA,0,0,NA,NA,NA,NA,0,0,0,0,NA,0,0,0,0,NA,0,0,NA,0,0,0,0,NA,0,0,0,0,0,NA,0,0,NA,0,0,0,0,0,0,0,0,0,0,NA,0,0,0,0,0,0,0,0,0,NA,1,1,1,1,1,0,0,0,0,0,0,NA,0,0,NA,0,NA,0,0,1,1,1,1,1,NA,1,0,0,0,0,0,0,0,0,0,0,0,0,0,NA,0,0,0,0,0,0,0,0,0,0,0,0,0,0,0,0,0,0,NA
"11:61266860",NA,0,0,NA,0,NA,0,0,0,1,0,NA,NA,0,NA,0,0,0,0,0,0,0,0,0,0,0,NA,0,0,0,0,0,NA,0,0,0,NA,0,0,0,0,NA,NA,0,NA,NA,0,0,0,0,0,0,0,0,0,NA,0,0,0,0,0,NA,0,0,0,0,0,0,0,0,NA,0,0,0,0,0,0,0,0,0,0,0,NA,0,0,0,NA,0,0,0,0,0,0,0,0,0,0,0,0,0,0,0,0,0,0,0,0,0,NA,0,0,0,0,NA,0,0,0,0,0,0,0,0,0,0,0,0,0,0,0,0,0,0,0,0,0,NA,0,0,1,1,1,1,0,0,1,NA,0,NA,0,0,0,0,0,NA,0,NA,0,0,0,0,0,1,0,NA,0,0,0,0,0,NA,0,0,0,0,0,0,0,0
"2:174545647",0,NA,0,0,NA,0,0,NA,0,1,NA,NA,0,0,0,0,NA,NA,0,0,0,0,0,0,0,NA,0,NA,0,0,0,0,0,0,NA,0,0,NA,0,0,0,NA,0,0,NA,NA,0,0,0,0,0,0,NA,0,0,0,0,NA,0,0,0,0,0,0,0,0,0,0,0,0,0,0,0,0,0,0,0,0,NA,0,0,0,NA,NA,0,0,0,0,NA,0,0,NA,0,0,0,0,0,0,0,0,0,0,NA,0,0,0,NA,NA,NA,0,0,0,0,0,0,0,0,0,0,0,0,0,0,0,0,0,0,0,0,0,0,0,0,NA,0,0,0,0,1,1,1,1,0,1,1,0,0,NA,0,0,0,NA,0,0,NA,0,0,0,0,NA,0,0,0,0,NA,0,0,0,0,NA,0,0,0,0,0,0,NA,0
"2:143889465",0,0,0,0,0,NA,0,0,0,NA,0,0,0,0,NA,0,0,0,0,NA,NA,0,0,0,0,0,0,0,0,0,0,0,0,0,0,0,0,0,0,0,NA,0,0,0,NA,0,0,0,0,0,NA,0,0,0,NA,0,0,0,0,0,0,0,0,0,0,0,0,0,0,0,0,NA,0,0,0,0,0,NA,0,0,0,0,0,0,NA,0,0,0,0,0,0,0,0,0,0,0,0,0,0,0,0,0,0,NA,0,0,0,0,NA,NA,0,0,0,0,NA,0,0,0,0,0,0,0,0,0,0,0,0,0,0,0,0,0,0,0,0,0,0,0,1,0,0,0,0,0,1,0,0,0,0,0,0,0,0,0,NA,0,0,0,0,0,0,0,0,0,0,0,0,0,0,0,0,0,0,0,0,0,0,0
"20:59040247",1,0,NA,NA,NA,NA,0,0,0,NA,0,0,0,NA,NA,NA,NA,0,NA,0,0,0,0,NA,NA,0,NA,0,NA,0,NA,0,0,0,NA,NA,0,NA,NA,NA,NA,0,0,NA,NA,NA,NA,0,0,0,0,0,0,0,NA,0,0,0,0,0,0,0,0,0,0,0,NA,0,0,NA,0,0,0,0,0,0,0,NA,NA,NA,0,0,0,0,0,0,0,0,NA,0,0,0,0,0,0,0,0,0,NA,NA,0,0,NA,0,0,NA,0,NA,0,0,NA,0,NA,NA,0,0,0,NA,0,0,0,0,0,NA,0,NA,0,0,0,NA,NA,0,NA,0,0,0,NA,0,0,0,NA,0,NA,0,1,NA,0,0,NA,NA,0,0,0,0,0,0,0,0,0,0,0,NA,0,NA,NA,0,0,0,NA,0,NA,0,0,0,0,0,NA,0
"12:38816539",0,0,NA,NA,0,0,0,0,NA,NA,0,0,0,NA,0,0,0,0,0,NA,0,0,NA,0,0,0,0,NA,0,0,NA,0,NA,0,0,NA,0,NA,0,0,0,0,0,0,NA,NA,0,0,0,0,0,0,0,0,0,0,NA,0,0,0,0,0,0,0,0,0,0,0,0,NA,0,0,0,0,0,0,0,0,0,0,0,0,0,0,0,0,0,0,0,0,0,0,0,NA,1,0,0,1,0,0,NA,0,0,0,0,0,0,0,0,0,0,0,0,0,0,0,0,0,0,0,0,0,0,0,0,0,0,0,0,0,0,0,0,0,0,0,0,0,0,0,0,0,NA,NA,0,0,NA,0,0,0,0,0,0,NA,0,0,0,0,0,0,0,0,0,0,0,0,0,0,0,0,0,0,0,0,0,0,0,0
"5:130164349",0,0,NA,0,0,0,0,0,0,0,0,0,0,0,0,0,0,0,NA,0,NA,0,0,0,0,0,0,0,0,0,0,0,0,0,0,0,0,0,0,0,0,0,0,0,0,0,0,NA,0,0,0,0,0,NA,0,NA,0,0,NA,0,NA,0,NA,0,0,0,0,0,0,NA,0,NA,0,0,0,0,0,0,0,0,0,NA,0,NA,0,0,0,0,0,0,0,0,NA,0,1,0,0,1,0,0,0,0,0,NA,0,0,0,0,0,0,0,0,0,0,0,0,NA,0,0,0,0,0,0,0,NA,0,0,0,0,0,0,0,0,0,0,0,0,0,0,0,0,0,0,0,0,0,0,0,0,0,0,0,0,0,0,0,0,0,NA,0,0,0,0,0,0,0,0,NA,0,0,NA,0,0,0,0,0,0,0
"8:29312154",0,0,NA,0,0,0,0,0,NA,0,0,0,0,NA,NA,NA,0,0,NA,NA,0,NA,0,0,NA,0,NA,0,0,0,NA,NA,0,NA,0,0,0,0,0,0,0,NA,0,0,0,0,0,0,0,0,0,0,0,0,NA,0,0,0,NA,0,0,0,0,0,0,NA,0,0,0,0,NA,0,0,0,0,0,0,0,0,NA,0,0,0,0,1,0,0,0,0,0,NA,0,0,1,1,0,0,1,0,0,0,0,0,0,0,0,0,0,0,0,0,0,0,0,0,0,NA,0,0,0,NA,0,NA,0,0,0,0,0,NA,0,0,0,0,0,0,0,0,NA,0,0,0,0,0,0,0,0,0,0,0,0,0,0,0,0,0,0,0,0,0,0,NA,0,0,0,0,0,0,0,0,0,0,0,0,0,NA,0,0,0
"11:61225613",0,0,0,0,NA,0,0,0,0,0,0,0,0,0,0,NA,0,NA,0,1,0,0,0,0,0,0,0,0,0,0,NA,0,0,0,0,0,0,0,0,NA,0,0,0,0,0,0,0,NA,0,NA,0,0,0,NA,NA,NA,0,NA,0,NA,NA,1,0,NA,NA,0,NA,NA,0,NA,NA,NA,NA,NA,NA,NA,0,0,NA,NA,0,0,NA,0,NA,0,NA,NA,NA,NA,0,NA,NA,NA,NA,0,NA,1,NA,0,0,0,NA,NA,NA,NA,0,0,NA,NA,0,NA,0,NA,NA,0,0,0,NA,NA,NA,NA,0,NA,NA,NA,NA,0,0,0,NA,0,NA,NA,NA,NA,0,NA,0,NA,0,NA,NA,0,0,0,0,0,0,NA,0,0,0,NA,NA,0,0,NA,NA,NA,0,NA,NA,NA,NA,NA,NA,NA,NA,NA,0,0,NA,0,NA,0,0,NA
"11:61225617",0,0,0,0,NA,0,0,0,0,0,0,0,0,0,0,NA,0,NA,1,0,0,0,0,0,0,0,0,0,0,0,NA,0,0,0,0,0,0,0,0,NA,0,NA,0,0,0,0,0,NA,0,NA,0,0,0,NA,NA,NA,0,NA,0,0,NA,1,0,NA,NA,0,NA,NA,0,NA,NA,NA,NA,NA,NA,NA,0,0,NA,NA,0,0,NA,0,NA,0,NA,NA,NA,NA,0,NA,NA,NA,NA,0,NA,1,NA,0,0,0,NA,NA,NA,NA,0,0,NA,NA,0,NA,0,NA,NA,NA,NA,0,NA,NA,NA,NA,0,NA,NA,NA,NA,0,0,0,NA,NA,0,NA,NA,NA,0,NA,0,NA,0,NA,NA,NA,0,0,0,0,0,NA,0,0,0,NA,NA,0,0,NA,NA,NA,0,NA,NA,NA,NA,NA,NA,NA,NA,NA,0,0,NA,0,NA,0,0,NA
"15:26536027",0,NA,NA,1,NA,0,0,0,0,0,0,0,0,0,NA,0,0,0,0,NA,0,0,NA,0,0,0,0,0,NA,0,0,NA,NA,NA,0,0,NA,0,0,0,NA,0,0,0,0,0,0,0,0,0,0,0,0,NA,0,0,0,0,0,0,0,0,0,0,0,0,0,0,0,0,0,0,0,0,0,0,0,0,0,0,0,0,0,0,0,0,0,0,0,0,0,0,0,0,0,0,0,0,0,0,0,0,0,0,0,0,0,0,0,0,0,0,0,0,0,0,0,0,0,0,0,0,0,0,0,0,0,0,0,0,0,0,0,0,0,0,0,0,0,0,0,0,0,0,0,0,0,1,0,0,0,0,0,0,0,0,0,0,0,0,0,0,0,0,0,0,0,0,0,0,NA,0,0,0,0,0,0,0
"11:112745507",NA,0,0,1,0,NA,1,0,NA,NA,0,0,0,0,0,0,0,NA,NA,NA,0,0,0,NA,NA,0,0,0,0,0,0,NA,0,0,0,0,0,0,0,0,0,0,0,0,0,0,0,0,0,0,0,0,0,0,0,0,0,0,0,0,0,NA,0,0,0,0,0,0,0,0,0,0,0,0,0,0,NA,0,0,0,0,0,0,0,0,0,0,0,0,0,0,0,0,0,0,0,0,0,0,0,0,0,0,0,0,0,0,0,0,0,0,0,0,0,0,0,0,0,0,0,0,0,0,0,0,0,NA,0,0,0,0,0,0,0,0,0,0,0,0,0,0,0,0,0,0,0,0,NA,0,0,0,0,0,0,0,0,0,0,0,0,0,0,0,0,NA,0,0,0,0,0,0,0,0,0,0,0,0,0
"13:65313049",0,0,0,1,NA,0,1,0,0,0,0,NA,NA,0,0,0,0,0,0,0,0,0,NA,0,0,NA,0,0,0,NA,0,0,0,0,0,0,0,NA,0,0,NA,0,0,0,0,0,0,0,0,0,0,0,0,0,0,0,0,0,0,0,0,0,NA,0,0,0,0,0,0,0,0,0,0,0,0,0,0,0,0,0,0,0,0,0,0,0,0,0,0,0,0,0,0,0,0,0,0,0,0,0,0,0,0,0,0,NA,0,0,0,0,0,0,0,NA,0,0,0,0,0,0,0,0,0,0,0,0,0,0,0,0,0,0,0,0,0,0,0,0,0,0,0,0,NA,0,0,0,0,0,0,0,0,0,0,0,0,0,0,0,0,NA,0,0,0,0,0,0,0,0,0,0,0,NA,0,0,0,0,0,0
"2:186084451",0,0,0,0,NA,0,0,0,0,0,0,NA,0,0,0,0,NA,0,0,0,0,0,0,NA,0,0,0,0,1,0,NA,0,0,NA,NA,0,0,0,0,0,0,0,0,0,0,0,0,0,0,0,0,0,0,0,0,0,0,NA,0,NA,NA,0,0,0,0,0,1,NA,0,0,NA,0,NA,0,0,0,0,0,0,NA,0,0,NA,0,NA,0,0,0,0,0,0,0,0,0,NA,0,0,0,0,0,0,1,1,1,0,0,0,1,1,0,0,0,1,1,1,NA,NA,0,NA,NA,0,0,NA,0,0,0,0,0,0,0,NA,0,0,0,0,0,0,0,0,0,0,0,0,0,0,NA,0,0,NA,NA,0,0,NA,0,0,0,1,NA,1,0,0,0,NA,NA,NA,0,0,0,0,0,NA,NA,0,0,0,0,0,0
"4:91912454",0,0,NA,0,0,0,NA,0,NA,0,0,0,NA,NA,0,0,NA,NA,0,NA,0,0,NA,NA,0,0,0,0,1,0,0,0,0,0,NA,0,0,0,NA,0,0,0,NA,0,NA,NA,0,0,0,0,0,0,0,NA,0,0,0,0,0,0,0,0,0,0,0,0,0,0,0,0,0,0,0,0,0,0,NA,0,0,0,0,0,0,0,0,0,0,0,0,NA,NA,0,0,0,0,NA,0,NA,0,0,0,1,1,1,NA,0,1,1,1,NA,0,0,1,1,0,0,0,0,0,0,0,0,0,0,0,0,0,0,0,NA,0,0,NA,0,0,NA,0,0,0,0,0,0,NA,0,0,0,0,0,0,0,0,0,0,0,0,0,1,0,0,0,NA,0,0,0,0,0,0,0,0,0,0,0,0,NA,0,0,0,NA
"5:38756576",0,NA,0,0,0,0,0,NA,0,0,0,0,0,NA,NA,NA,NA,NA,0,0,0,0,0,0,0,NA,0,0,1,0,0,0,0,0,0,0,NA,0,NA,0,0,0,0,0,NA,0,0,0,0,0,0,0,0,0,0,0,0,0,0,0,0,0,0,0,0,0,0,0,0,0,NA,0,0,0,0,0,0,0,0,NA,0,0,0,0,0,0,0,0,NA,0,0,0,0,0,0,0,0,0,0,0,0,1,1,1,0,0,1,1,1,0,0,0,1,1,1,0,0,0,0,0,0,0,0,0,0,NA,0,0,0,0,0,NA,0,0,0,0,0,0,0,0,NA,0,0,0,0,0,0,0,0,0,0,0,0,0,0,0,1,0,0,NA,0,NA,0,0,0,0,0,0,0,0,0,0,NA,0,0,0,0,0
"2:118909155",0,0,0,0,NA,NA,0,0,0,0,0,NA,0,0,0,0,0,0,0,0,0,NA,0,0,0,0,0,0,1,NA,0,0,0,0,0,0,0,0,0,0,0,0,0,NA,0,0,1,0,NA,0,0,NA,NA,0,NA,0,0,0,0,0,0,0,0,0,0,0,0,0,0,0,0,0,0,0,NA,0,0,0,1,0,0,0,0,0,0,0,0,NA,0,0,0,0,0,0,NA,0,0,NA,0,0,0,1,1,1,NA,NA,0,0,0,0,0,0,0,0,0,0,NA,0,0,0,0,0,0,0,0,0,0,0,0,0,0,NA,0,0,0,0,0,0,0,1,0,NA,1,NA,0,0,0,0,0,0,0,NA,0,0,0,0,0,0,NA,0,0,0,NA,0,NA,0,0,0,0,0,0,0,0,0,0,0,0,0
"12:75300266",0,0,NA,NA,NA,NA,NA,0,0,NA,0,0,0,0,NA,NA,0,0,0,NA,0,NA,NA,0,0,0,NA,NA,NA,0,NA,NA,0,NA,NA,NA,NA,NA,NA,NA,0,NA,0,0,NA,NA,NA,0,0,0,0,0,0,0,0,0,0,0,NA,0,0,0,0,NA,NA,0,0,0,0,0,0,0,0,0,0,0,0,NA,NA,0,NA,0,0,0,0,NA,0,0,0,0,0,0,0,0,0,0,0,NA,0,0,0,NA,1,1,0,0,0,NA,0,0,0,0,0,0,0,0,NA,0,0,0,0,0,0,0,0,0,NA,0,0,0,0,0,0,0,1,NA,0,0,NA,0,0,0,NA,0,0,0,NA,NA,NA,0,0,0,0,0,0,0,0,0,0,0,0,0,NA,0,0,NA,0,NA,0,0,0,0,0,0,0,0,0,NA
"5:14391258",0,0,0,0,0,0,0,0,0,NA,0,0,0,0,0,NA,NA,0,NA,0,0,NA,0,0,0,0,0,0,1,0,NA,0,NA,0,0,0,NA,0,0,0,0,0,0,0,NA,NA,NA,0,0,0,0,0,0,0,NA,0,0,0,0,0,0,0,0,0,0,0,NA,0,0,0,0,0,0,0,0,0,0,0,0,0,0,0,0,0,0,0,0,0,0,0,0,0,0,0,0,0,0,0,0,0,0,NA,1,1,0,0,0,0,0,0,0,0,0,0,NA,0,0,0,0,0,0,0,0,0,0,0,0,0,0,0,0,0,0,0,0,0,0,0,0,0,0,0,0,0,0,0,0,0,0,0,0,0,0,0,0,0,0,0,0,0,0,0,0,NA,0,0,NA,NA,0,0,0,0,NA,0,0,0,0,0
"2:6109874",NA,0,0,0,NA,0,0,0,NA,0,0,0,0,0,0,0,NA,0,0,0,0,NA,0,NA,0,0,0,0,1,0,NA,0,0,0,0,0,0,0,0,0,0,0,0,0,0,0,0,0,0,0,0,NA,0,0,NA,NA,0,0,NA,0,0,0,NA,0,0,0,0,0,NA,NA,0,0,NA,0,0,0,0,0,0,0,0,0,0,0,0,0,0,0,0,0,0,0,0,0,0,0,0,NA,0,0,0,1,1,1,0,0,0,0,0,0,0,0,0,NA,NA,0,0,0,0,0,NA,0,0,0,0,0,0,NA,0,0,0,0,0,0,0,0,NA,0,0,0,0,NA,0,0,0,0,0,0,0,0,0,0,0,NA,0,0,0,0,NA,0,0,0,0,NA,NA,0,NA,0,0,0,0,NA,0,0,0,0,NA,0
"3:168899603",0,NA,NA,0,0,NA,0,0,0,0,NA,0,0,0,NA,0,NA,0,0,NA,0,0,NA,0,NA,NA,NA,NA,NA,0,0,0,0,NA,0,0,0,0,0,NA,0,NA,0,0,NA,0,0,NA,0,0,0,0,0,0,0,0,0,0,NA,0,0,0,0,0,0,0,0,0,0,0,0,NA,0,0,0,0,0,0,0,0,0,0,0,0,0,0,NA,0,0,0,0,0,0,0,0,NA,0,0,0,0,0,NA,1,1,0,0,0,0,0,NA,0,0,NA,NA,NA,NA,0,0,0,0,0,0,0,0,0,0,0,0,NA,0,0,0,0,0,0,0,0,0,NA,0,0,0,NA,NA,0,0,0,0,0,NA,0,0,0,0,0,0,0,0,0,0,0,0,0,0,NA,0,0,NA,0,0,0,0,0,0,0,NA,0,NA
"10:63852250",0,0,0,0,0,0,0,0,0,0,0,0,0,0,0,0,0,0,0,NA,0,0,NA,0,0,0,NA,0,1,0,0,0,0,NA,0,0,0,0,NA,0,0,0,0,NA,0,0,0,0,0,0,0,0,0,NA,0,0,0,0,0,0,0,0,0,0,0,0,0,0,1,0,0,0,0,0,0,0,0,0,0,0,0,0,0,0,0,NA,0,NA,0,NA,0,0,NA,0,0,NA,NA,0,0,0,0,0,1,1,0,0,0,0,0,0,0,0,0,0,0,0,0,0,0,0,NA,0,0,0,0,0,0,0,0,0,0,0,0,0,0,0,0,0,0,0,0,0,0,0,0,0,0,0,0,0,0,0,0,0,0,0,0,0,0,0,0,0,0,0,NA,0,0,0,0,NA,0,0,0,0,NA,0,0,0
"5:11502762",0,0,NA,0,0,NA,NA,0,0,NA,0,NA,0,0,NA,NA,NA,0,NA,NA,NA,0,NA,NA,0,0,0,0,1,NA,0,NA,0,0,NA,0,NA,NA,0,0,0,0,NA,NA,0,NA,0,0,0,0,0,0,0,0,0,0,0,0,0,0,0,NA,0,0,0,0,0,0,0,0,0,NA,0,0,0,0,0,0,0,0,0,0,0,0,0,0,0,0,NA,0,0,0,0,0,0,0,0,0,0,0,0,0,1,1,NA,0,0,0,0,0,0,0,0,0,0,0,0,0,0,0,0,0,0,0,0,0,0,0,0,0,0,0,0,0,0,0,0,0,0,0,NA,0,0,0,0,0,0,NA,0,0,0,0,0,0,0,0,0,0,0,0,0,0,0,0,0,0,0,0,0,0,0,0,0,0,0,0,0,0
"7:38583263",0,0,0,0,0,0,0,0,0,0,0,0,0,0,NA,0,0,0,0,0,0,0,NA,0,0,0,0,NA,1,0,0,0,0,NA,0,NA,0,0,0,NA,0,0,0,0,0,NA,NA,0,0,0,NA,0,0,0,0,0,0,0,0,0,0,0,0,0,0,0,0,0,0,0,0,0,0,0,0,0,0,NA,0,0,0,0,0,0,NA,0,0,0,0,0,0,0,0,0,0,0,0,0,0,0,0,0,1,1,0,0,0,0,0,0,0,0,0,0,0,0,0,0,0,0,0,0,0,0,0,0,0,0,NA,0,0,0,0,0,0,0,0,NA,0,0,0,0,NA,0,0,0,0,NA,0,0,0,0,0,0,0,0,0,NA,NA,0,0,0,0,0,0,0,0,0,0,0,0,0,0,0,0,0,0,0
"10:26778028",NA,0,NA,NA,0,0,0,NA,NA,0,0,NA,NA,0,NA,0,0,0,0,0,0,0,NA,0,0,NA,NA,NA,NA,NA,0,0,NA,0,0,0,0,0,0,0,0,0,NA,0,NA,0,0,NA,0,0,0,0,0,NA,NA,NA,0,NA,0,NA,0,0,0,0,NA,0,NA,0,0,0,0,NA,NA,NA,0,0,1,1,0,NA,0,0,NA,0,0,0,0,0,0,NA,NA,0,0,0,NA,0,0,0,0,0,0,0,0,0,0,NA,0,0,0,0,0,0,0,NA,0,0,NA,0,NA,0,NA,NA,0,0,0,0,0,0,NA,0,0,0,0,0,0,0,0,0,0,0,0,NA,0,0,0,0,NA,0,0,0,NA,0,0,0,0,0,0,0,0,NA,0,0,0,0,NA,NA,NA,0,0,0,0,NA,0,0,0,0,0,0
"4:70791112",0,0,NA,0,0,0,0,0,0,0,0,NA,NA,0,0,0,0,0,0,0,0,0,NA,0,NA,NA,0,0,0,0,0,0,0,0,0,0,0,NA,0,NA,0,0,NA,0,0,0,0,NA,0,0,0,0,0,0,NA,0,0,0,0,0,0,0,0,0,NA,NA,0,0,0,0,0,NA,0,0,0,0,1,1,1,1,0,0,NA,0,0,0,NA,0,0,0,0,0,0,0,0,0,0,0,0,0,0,0,0,0,0,0,NA,0,0,0,0,0,0,0,NA,0,NA,0,0,0,0,0,0,0,0,0,0,0,0,0,0,0,0,0,0,NA,0,0,0,0,NA,NA,0,0,0,0,0,NA,0,0,0,0,0,0,0,0,0,0,NA,NA,0,0,0,NA,NA,0,NA,0,0,0,0,0,0,0,0,0,0,0
"5:168824251",0,0,0,0,0,NA,NA,0,0,0,NA,0,0,NA,0,0,0,0,0,0,NA,0,0,0,0,0,0,NA,0,0,0,NA,0,0,0,0,NA,0,NA,0,0,0,NA,NA,NA,0,0,0,0,0,0,0,0,0,0,0,0,0,0,0,0,0,0,0,0,0,0,0,0,0,0,0,0,0,NA,0,0,0,0,0,0,0,0,NA,0,0,0,0,0,0,0,0,0,0,0,0,0,0,0,0,NA,0,0,0,0,0,0,0,0,0,0,0,0,0,NA,0,0,0,0,0,NA,NA,0,0,0,0,0,0,0,0,0,0,0,0,0,0,0,0,0,0,0,0,0,0,0,0,0,0,0,0,0,0,0,0,0,0,0,0,0,0,0,0,0,0,NA,0,0,0,0,0,0,0,0,0,0,0,1,1
"2:218908316",0,NA,0,0,0,0,NA,1,NA,0,NA,0,NA,0,0,0,NA,0,NA,0,0,NA,0,0,1,NA,NA,NA,0,1,0,1,0,0,0,0,0,NA,0,NA,0,NA,0,NA,NA,0,NA,NA,NA,0,NA,NA,NA,NA,NA,NA,NA,NA,NA,NA,NA,NA,NA,NA,NA,NA,NA,NA,NA,NA,NA,NA,NA,NA,0,NA,NA,NA,0,NA,NA,NA,NA,0,NA,NA,NA,NA,0,NA,NA,NA,NA,0,NA,NA,NA,NA,NA,NA,NA,NA,1,NA,NA,NA,0,0,NA,NA,0,NA,NA,NA,NA,NA,NA,NA,NA,NA,NA,NA,NA,0,NA,NA,NA,0,0,0,NA,NA,NA,NA,NA,NA,0,NA,NA,NA,NA,NA,NA,NA,NA,NA,NA,NA,NA,NA,NA,NA,NA,NA,NA,0,NA,NA,NA,NA,NA,NA,NA,NA,NA,NA,NA,NA,NA,NA,NA,NA,NA,NA,NA,NA,NA,1
"22:48863732",0,0,0,0,0,0,0,0,0,0,0,0,0,0,0,0,0,0,0,NA,0,0,0,1,1,0,0,0,0,0,0,1,0,0,0,0,0,0,0,0,0,0,0,0,0,1,NA,0,0,0,0,0,0,NA,NA,0,0,NA,0,0,0,0,0,0,NA,0,0,0,NA,0,0,NA,0,NA,0,0,NA,0,0,0,0,0,0,0,0,0,0,0,0,0,NA,0,NA,0,0,0,0,0,0,0,0,0,0,NA,0,0,0,0,0,0,0,NA,0,NA,NA,0,NA,0,0,NA,0,NA,0,0,0,NA,0,NA,0,0,0,0,0,0,0,0,0,0,0,0,0,NA,0,0,0,0,0,0,0,0,0,0,NA,0,0,0,0,0,0,0,0,0,NA,0,NA,0,0,0,NA,0,0,0,0,0,0,0,NA,1
"10:20195464",0,0,0,NA,0,0,0,0,0,0,0,0,0,0,NA,0,NA,0,0,NA,0,NA,0,NA,1,0,NA,NA,0,NA,0,0,NA,0,NA,NA,0,NA,NA,0,NA,0,0,0,NA,0,0,0,0,0,0,0,0,0,0,0,0,0,0,0,0,0,0,0,0,NA,0,0,0,0,0,0,0,0,0,0,0,0,0,NA,NA,0,0,0,0,0,0,0,0,0,0,0,NA,0,0,0,0,NA,0,0,0,0,0,0,0,0,NA,0,NA,0,0,0,0,0,0,0,0,0,NA,0,0,0,0,0,0,0,0,0,0,0,0,0,0,0,0,0,0,0,0,NA,0,0,0,0,0,0,0,0,NA,0,NA,0,0,0,0,0,0,0,0,0,0,0,0,0,0,0,0,0,NA,0,0,0,0,0,0,0,0,1
"8:58090018",0,0,0,0,NA,0,NA,0,0,NA,NA,0,0,NA,NA,0,0,NA,0,0,NA,NA,NA,NA,1,0,NA,NA,0,0,NA,NA,NA,0,NA,NA,0,NA,NA,NA,NA,0,0,NA,NA,0,0,NA,0,NA,0,0,NA,0,NA,NA,0,0,0,0,0,0,0,0,0,0,0,0,0,0,0,0,NA,NA,NA,0,0,0,0,0,NA,0,0,NA,0,0,0,0,0,0,0,0,0,0,0,0,0,0,0,0,0,0,NA,0,0,0,0,0,NA,0,NA,0,NA,0,0,0,0,NA,0,0,0,0,0,NA,0,0,0,0,0,0,0,0,NA,NA,0,0,NA,0,0,0,0,0,0,0,0,NA,0,0,0,NA,0,0,0,0,1,0,0,0,0,NA,NA,0,0,0,0,0,0,0,0,0,0,0,0,0,0,0,0,1
"5:23790672",0,0,0,0,0,NA,0,0,0,0,0,0,0,0,0,NA,0,NA,0,0,NA,0,0,0,0,NA,0,NA,0,0,0,0,0,NA,0,0,NA,0,0,0,0,0,0,0,0,0,NA,0,NA,NA,0,NA,0,NA,NA,0,0,0,0,0,NA,0,0,0,0,NA,0,0,0,0,0,0,NA,0,NA,NA,0,0,0,0,0,NA,NA,0,0,NA,NA,0,0,0,0,NA,0,0,0,0,0,0,0,0,0,0,0,0,NA,0,0,NA,0,1,1,1,0,NA,0,0,NA,0,NA,0,NA,NA,0,0,0,0,0,0,0,0,0,0,NA,0,0,0,0,0,1,0,0,0,0,0,0,0,NA,0,0,0,0,0,0,0,NA,0,0,0,0,0,0,0,0,NA,NA,NA,0,0,0,0,0,NA,0,0,0,0,NA,0
"4:39185753",NA,0,0,NA,0,0,NA,0,NA,NA,0,0,0,NA,NA,0,0,0,NA,1,0,0,NA,0,NA,0,0,0,0,0,0,0,0,NA,NA,0,0,0,NA,0,0,0,0,NA,0,0,NA,NA,NA,NA,0,0,0,NA,NA,NA,0,NA,NA,NA,NA,NA,NA,NA,NA,NA,0,NA,NA,NA,0,NA,NA,NA,0,NA,NA,0,NA,0,0,NA,NA,NA,0,0,NA,NA,0,NA,NA,NA,NA,NA,NA,0,NA,0,NA,0,0,NA,0,NA,0,NA,0,NA,0,NA,1,1,0,NA,NA,NA,NA,0,NA,NA,NA,NA,0,NA,NA,NA,NA,NA,0,0,NA,0,0,NA,0,NA,0,0,0,NA,0,NA,NA,NA,NA,0,0,NA,NA,NA,0,NA,NA,NA,NA,NA,0,NA,NA,NA,0,NA,0,NA,NA,0,NA,NA,0,0,0,NA,NA,NA,NA,0,0,0
"10:17377501",NA,NA,0,0,0,NA,0,0,0,0,NA,NA,0,0,0,NA,0,0,0,NA,0,0,NA,0,0,0,0,0,0,1,0,NA,0,0,0,0,0,0,0,NA,0,0,0,0,NA,0,0,0,0,NA,0,0,0,0,NA,NA,0,0,NA,0,0,0,0,NA,0,0,0,0,0,0,0,NA,0,0,0,0,0,0,NA,0,NA,0,0,0,NA,0,0,0,0,NA,NA,0,0,NA,NA,0,0,0,0,0,0,0,0,0,0,0,0,0,0,1,1,1,0,NA,0,0,NA,0,0,0,0,0,0,0,0,NA,0,0,0,NA,0,0,0,0,0,0,0,0,0,0,0,0,0,0,0,0,NA,0,0,0,0,0,0,0,NA,0,0,0,0,NA,0,0,0,NA,0,NA,0,0,0,0,0,0,0,0,NA,0,0,0
"10:18724094",0,0,0,0,NA,0,0,0,0,0,NA,0,0,0,0,0,0,NA,0,0,NA,0,0,0,0,0,0,0,NA,0,0,NA,0,0,0,0,0,0,0,0,0,0,0,NA,0,0,NA,0,0,0,0,0,0,0,0,0,0,0,0,0,0,0,0,0,0,0,0,0,0,0,0,0,0,NA,0,0,0,0,0,0,0,0,0,0,0,0,0,0,0,0,0,0,0,0,0,0,0,0,0,0,0,0,0,0,0,0,0,0,0,1,1,1,0,0,0,0,0,0,0,0,0,0,0,0,0,NA,NA,0,0,0,0,0,0,0,0,0,0,0,0,0,0,0,0,0,0,0,0,0,0,0,0,0,0,0,0,0,0,0,0,0,0,0,0,0,NA,0,0,0,0,NA,0,0,0,0,0,0,0,0
"5:22678960",0,0,0,0,NA,0,0,0,0,0,0,0,0,0,0,0,0,0,0,0,0,0,0,0,0,1,0,0,0,0,0,0,NA,0,0,NA,NA,0,0,0,NA,0,0,0,0,NA,0,0,0,0,NA,0,0,NA,NA,0,0,0,NA,NA,0,0,NA,0,0,0,0,0,0,0,0,0,0,0,0,0,NA,0,0,0,0,0,0,0,NA,0,0,0,NA,0,NA,0,0,0,NA,0,0,0,0,0,0,1,NA,NA,0,0,0,0,0,1,0,1,0,NA,0,0,NA,0,NA,0,0,0,NA,0,0,0,0,0,0,0,0,0,0,0,0,0,0,0,0,0,0,NA,0,0,0,0,0,0,0,NA,0,0,0,0,0,0,0,0,0,0,0,0,0,NA,NA,0,0,0,0,0,0,0,0,0,0,0,0,0
"2:148995248",0,0,0,0,0,0,0,0,0,0,0,0,0,NA,0,0,NA,NA,0,0,0,0,0,0,0,0,0,0,0,0,0,0,0,0,NA,0,0,0,0,0,0,0,0,0,0,0,NA,0,0,0,0,0,0,0,0,NA,0,0,0,0,0,0,0,0,0,0,0,0,0,0,0,0,0,0,0,0,NA,0,0,0,0,NA,0,0,NA,0,0,0,0,0,0,0,0,0,NA,0,0,0,0,0,1,0,0,0,0,0,0,0,0,1,0,1,0,0,0,0,0,0,0,0,0,0,0,0,0,0,0,0,0,0,0,0,0,0,0,0,0,0,0,0,0,0,0,0,0,0,0,0,0,0,0,0,0,0,0,0,0,0,0,0,NA,0,0,0,0,0,0,0,0,0,0,0,0,0,0,0,0,0
"7:62941935",NA,NA,0,0,0,NA,0,0,NA,NA,0,0,0,0,0,NA,NA,0,0,NA,0,0,NA,0,0,0,NA,0,0,0,0,0,0,NA,0,0,0,0,0,NA,0,NA,0,0,NA,0,NA,0,0,0,0,0,0,0,0,0,0,0,0,0,0,0,0,0,0,0,0,0,0,0,0,0,0,0,0,0,0,0,0,0,0,0,0,0,0,0,0,0,0,0,0,0,0,0,0,0,0,0,0,0,0,0,0,0,0,0,0,0,0,1,0,1,0,0,0,0,NA,0,0,0,0,0,0,0,0,0,0,0,0,0,0,0,0,0,0,0,0,0,0,0,0,0,NA,0,0,0,0,0,0,0,0,0,0,0,0,0,0,0,0,0,0,0,0,0,0,0,0,0,0,0,0,0,NA,0,0,0,0,0
"8:3545391",0,0,NA,0,0,0,0,0,0,NA,0,0,0,0,0,0,0,0,0,NA,0,0,0,0,0,0,0,0,0,0,0,0,0,0,0,NA,0,0,0,0,0,0,0,0,0,0,0,0,0,0,0,0,0,0,NA,0,0,0,0,0,0,NA,0,0,0,0,0,0,0,0,0,0,0,0,NA,0,0,0,0,0,0,0,0,0,0,0,0,0,0,0,0,0,0,0,0,0,0,0,0,0,0,0,0,0,0,0,0,0,0,1,0,1,0,NA,0,0,0,0,0,0,0,0,0,0,0,0,0,0,0,0,0,0,0,0,0,0,0,0,0,0,0,0,NA,0,0,0,0,0,0,0,0,0,0,0,0,0,0,0,0,0,NA,0,0,0,0,0,0,0,0,0,0,NA,0,0,0,0,0,0
"7:75306752",NA,NA,NA,0,0,NA,0,0,0,0,0,1,0,0,0,0,0,0,0,NA,NA,0,0,0,0,0,0,NA,0,0,0,0,0,0,0,0,0,0,0,0,0,0,0,0,0,NA,0,0,0,NA,0,0,0,NA,0,0,0,0,0,0,0,0,0,NA,0,0,0,0,0,0,0,0,0,0,1,1,0,0,NA,0,0,0,NA,0,0,NA,0,0,0,NA,NA,0,0,0,0,0,0,0,0,1,0,0,NA,NA,1,0,0,0,0,0,0,0,0,0,0,0,0,0,0,0,0,NA,1,0,0,0,0,NA,0,0,0,0,NA,0,0,0,0,0,0,0,0,0,0,1,NA,0,0,0,0,0,0,0,NA,0,0,0,0,NA,0,0,NA,NA,0,0,0,0,NA,NA,0,0,0,0,0,0,0,0,0,0
"6:116388244",0,0,0,0,0,0,1,NA,0,0,0,0,0,NA,NA,0,0,0,0,0,NA,0,0,0,0,NA,0,0,0,0,0,0,0,0,0,0,0,0,NA,0,0,0,0,0,0,NA,0,0,0,0,0,0,0,NA,NA,0,0,0,0,0,0,0,0,0,0,0,0,0,0,0,NA,0,0,0,1,1,0,0,0,0,0,0,0,NA,0,0,0,0,0,0,0,0,0,0,0,0,0,NA,0,0,0,0,0,0,0,0,0,0,0,0,0,0,0,0,0,0,0,0,0,0,NA,0,0,0,0,0,NA,0,0,0,0,0,0,0,0,NA,NA,0,0,0,0,0,0,0,0,0,0,0,0,0,0,0,0,0,0,0,0,0,0,0,0,0,0,0,0,0,0,0,0,0,0,0,0,0,0,0,0,0
"12:69525047",0,0,0,0,NA,0,0,0,0,0,0,0,0,0,0,0,0,0,0,0,NA,0,0,0,0,0,0,0,0,0,0,0,NA,0,NA,1,0,0,0,0,0,0,0,0,0,0,0,NA,0,0,0,0,0,0,NA,0,0,NA,0,0,0,0,0,0,0,0,0,0,0,NA,0,0,NA,0,1,1,0,0,0,0,0,1,0,0,0,0,0,0,NA,0,0,0,0,0,0,0,0,0,0,NA,0,0,0,0,0,NA,0,0,0,0,0,0,0,NA,0,0,NA,0,0,0,0,0,0,0,0,0,0,0,0,0,0,0,NA,NA,0,0,0,0,0,0,0,0,0,0,0,0,0,0,0,0,0,0,0,0,0,0,0,0,0,0,0,0,0,NA,NA,0,0,0,0,0,0,NA,0,0,0,0,0,0
"4:13738877",0,0,0,NA,0,0,0,0,NA,NA,0,0,NA,NA,0,0,NA,NA,0,NA,0,0,0,NA,0,NA,0,0,NA,0,NA,0,0,0,0,0,0,0,0,0,NA,0,0,0,NA,0,0,0,0,0,0,NA,0,0,0,0,0,0,0,NA,NA,0,0,0,0,0,0,0,0,0,0,0,0,0,1,1,0,NA,0,0,0,0,0,0,0,0,0,0,1,0,0,0,0,NA,NA,0,0,0,0,0,0,NA,0,0,0,0,NA,0,0,0,0,0,0,NA,NA,0,0,0,0,0,0,0,0,NA,0,0,NA,0,0,0,0,0,0,0,0,0,NA,0,NA,0,0,0,0,0,0,0,NA,0,0,0,0,0,0,0,0,0,0,0,0,0,NA,0,0,0,0,0,0,0,0,0,0,0,0,0,0,0,0,NA
"10:13220378",0,0,0,0,NA,0,0,0,NA,0,0,0,0,NA,0,NA,NA,0,0,0,NA,0,0,NA,0,0,NA,0,NA,NA,0,0,0,0,NA,0,NA,0,NA,0,0,0,0,0,NA,0,NA,0,0,NA,0,0,0,0,0,0,0,0,0,0,0,0,0,0,0,0,0,0,1,0,0,0,0,0,1,1,0,0,0,0,0,NA,0,0,0,0,NA,0,0,0,0,0,0,0,0,0,0,0,0,0,0,0,0,NA,0,0,0,0,0,0,0,0,0,0,0,0,0,NA,0,0,0,NA,0,0,0,0,0,0,0,0,0,0,0,0,0,0,0,0,1,0,0,0,0,0,0,NA,0,0,NA,0,0,0,0,0,NA,0,NA,0,0,0,0,0,0,0,0,0,0,0,0,0,0,0,0,0,0,0,0,0
"11:39542509",NA,NA,NA,NA,NA,NA,0,0,0,NA,NA,NA,0,0,NA,0,0,NA,0,0,0,0,NA,0,NA,NA,0,0,0,0,0,NA,0,NA,0,NA,NA,NA,NA,NA,NA,NA,0,0,0,0,0,0,NA,NA,NA,0,0,NA,0,0,0,NA,0,0,0,0,0,0,0,0,0,0,0,0,0,0,0,0,1,1,0,NA,0,1,0,0,0,0,0,0,0,0,0,0,0,0,0,NA,0,0,0,0,0,NA,NA,0,0,0,0,0,0,0,0,0,0,0,0,0,0,0,NA,0,0,NA,0,0,0,0,NA,0,0,0,0,0,0,0,0,0,0,0,0,0,NA,0,NA,0,NA,NA,0,NA,0,0,0,0,0,0,0,0,NA,0,0,0,0,0,0,0,0,0,0,0,0,0,0,0,0,0,0,0,0,NA,0,0
"10:130570430",NA,0,NA,NA,0,0,0,0,0,0,0,0,0,0,0,0,NA,0,0,NA,0,0,0,0,0,0,0,0,0,0,NA,1,1,0,NA,0,0,0,0,NA,0,0,0,NA,NA,0,0,0,0,0,NA,0,NA,0,0,0,0,0,NA,0,0,0,1,0,0,NA,0,NA,0,0,0,NA,NA,0,0,0,0,0,0,NA,0,0,0,0,0,0,0,0,0,0,0,0,0,0,0,NA,0,NA,0,0,0,0,0,0,0,0,0,0,0,0,NA,NA,0,0,0,0,0,0,0,0,0,NA,0,0,0,0,0,0,0,NA,NA,0,0,0,0,NA,NA,0,0,0,0,0,0,0,0,0,0,0,0,NA,0,0,NA,0,0,0,0,0,0,0,0,0,0,0,0,0,0,0,0,0,0,0,0,NA,0,0,0,NA
"4:5943536",0,NA,0,0,0,0,0,NA,NA,NA,0,NA,NA,NA,0,0,0,0,NA,0,0,NA,NA,0,0,0,0,0,0,NA,0,0,1,0,0,0,0,0,0,0,0,0,NA,0,0,NA,0,0,0,0,1,NA,0,0,NA,0,0,NA,NA,0,NA,NA,NA,0,0,NA,NA,0,0,NA,0,NA,0,NA,0,NA,NA,0,NA,NA,NA,0,0,NA,NA,0,0,0,0,NA,0,NA,0,0,0,NA,0,NA,0,0,0,NA,NA,0,NA,0,0,NA,NA,NA,NA,0,0,0,NA,0,0,NA,0,0,0,NA,0,0,NA,NA,0,0,NA,NA,0,0,0,0,0,0,NA,NA,NA,0,0,NA,0,0,0,NA,0,0,NA,0,NA,0,NA,NA,0,0,0,NA,NA,NA,NA,0,0,NA,1,NA,NA,0,0,0,NA,NA,NA,0,0,0,NA,0
"13:23356583",0,NA,NA,0,NA,0,0,1,NA,NA,NA,NA,0,0,NA,0,0,NA,NA,0,NA,0,0,0,NA,0,0,NA,NA,0,0,1,NA,0,0,0,0,0,NA,0,0,0,0,NA,NA,NA,NA,NA,0,0,1,0,1,0,0,0,0,0,NA,NA,1,0,0,0,0,0,0,0,0,0,0,0,0,0,0,0,0,1,0,0,0,NA,0,0,0,0,0,0,0,0,0,NA,0,0,0,0,0,0,0,0,0,0,0,0,0,0,0,0,NA,1,1,1,NA,0,0,0,0,0,0,0,1,1,0,0,0,0,0,NA,0,0,0,0,0,0,0,0,0,0,0,0,0,NA,0,0,0,0,NA,NA,0,0,0,0,0,0,0,0,0,0,0,0,NA,0,0,0,0,0,0,0,0,0,NA,0,0,0,NA,0,1,0
"8:47008453",0,0,0,0,0,0,0,NA,NA,1,NA,0,0,NA,0,NA,0,NA,NA,NA,0,0,0,0,0,1,NA,0,NA,NA,0,1,0,0,NA,0,0,0,NA,0,0,0,0,NA,0,NA,0,NA,0,0,1,NA,0,NA,NA,NA,0,0,NA,0,NA,NA,NA,0,NA,NA,NA,0,NA,0,0,NA,0,NA,NA,NA,0,0,NA,NA,NA,NA,NA,NA,0,0,NA,0,0,NA,NA,0,0,NA,NA,0,NA,NA,0,NA,0,0,NA,NA,NA,NA,0,0,0,0,NA,0,NA,0,NA,0,NA,NA,0,0,0,NA,NA,0,0,NA,0,0,NA,NA,0,0,NA,NA,0,NA,NA,0,NA,NA,NA,NA,0,0,0,0,0,0,NA,NA,NA,NA,NA,0,0,0,0,NA,NA,0,0,0,NA,NA,NA,NA,NA,0,0,0,NA,NA,0,1,NA,NA,0,0
"8:47008454",0,0,0,NA,0,0,0,NA,0,1,NA,0,0,0,0,NA,0,0,0,NA,0,0,0,0,0,1,0,0,NA,NA,0,1,0,NA,NA,0,0,0,NA,0,0,0,0,NA,0,0,0,NA,0,0,1,NA,NA,NA,NA,NA,0,0,NA,0,NA,NA,NA,0,NA,NA,NA,0,NA,0,0,NA,0,NA,NA,NA,0,0,NA,NA,0,NA,NA,NA,0,NA,NA,0,0,NA,NA,0,0,NA,NA,0,NA,NA,NA,NA,0,0,NA,NA,NA,NA,0,NA,0,0,NA,0,0,0,NA,0,NA,NA,0,0,0,NA,NA,0,0,NA,0,1,NA,1,0,0,NA,NA,0,NA,NA,0,NA,NA,0,NA,0,0,0,0,0,0,0,NA,NA,NA,NA,0,0,0,0,NA,NA,0,0,0,NA,NA,NA,NA,NA,0,0,0,NA,NA,0,1,NA,NA,0,0
"6:96373660",0,0,0,0,0,0,0,0,0,0,0,0,1,0,0,0,0,NA,0,0,0,0,0,0,0,0,0,0,0,0,0,0,0,0,0,0,NA,NA,0,0,0,NA,0,0,NA,0,NA,0,NA,0,0,0,0,0,NA,0,0,0,0,NA,0,0,0,0,NA,0,0,0,NA,0,0,0,0,0,0,0,0,0,0,0,0,0,0,0,0,0,0,0,0,0,0,0,0,0,0,0,0,0,0,0,0,0,0,0,0,0,0,0,0,1,0,0,0,0,0,1,NA,1,1,0,0,0,0,0,0,0,NA,0,0,0,0,0,0,0,0,0,0,0,0,0,0,0,0,NA,0,0,NA,0,NA,NA,0,0,0,0,0,NA,0,0,NA,0,0,0,0,0,NA,0,NA,0,0,0,0,0,0,0,NA,0,1,0
"12:9333606",0,NA,0,NA,0,0,NA,NA,0,0,0,NA,1,0,0,0,0,NA,0,NA,NA,0,0,NA,0,0,0,0,0,0,NA,0,0,0,NA,NA,0,0,0,NA,NA,0,0,NA,NA,0,NA,0,NA,NA,0,0,0,0,NA,0,0,0,0,0,0,0,0,0,0,0,0,0,0,0,0,NA,NA,0,0,0,0,0,0,0,0,0,0,0,0,0,0,0,0,0,0,0,0,0,0,0,0,NA,0,0,0,0,0,0,0,0,0,0,0,NA,0,0,0,NA,0,1,1,1,1,0,0,0,0,0,NA,0,0,0,0,0,0,0,0,0,0,0,0,0,0,0,0,NA,0,NA,0,0,0,0,0,0,NA,0,0,0,0,0,0,0,0,0,NA,0,0,0,0,0,0,0,0,0,0,0,0,0,0,0,1,0
"11:46315270",0,NA,0,NA,0,0,NA,0,0,0,0,NA,1,0,NA,0,0,NA,0,0,0,0,0,0,NA,0,0,0,NA,NA,0,NA,NA,NA,0,0,0,0,0,NA,0,0,0,0,0,0,NA,NA,NA,0,NA,0,0,NA,NA,0,0,NA,0,NA,NA,0,NA,0,NA,0,0,NA,0,NA,0,NA,NA,0,0,0,NA,0,NA,0,0,0,NA,0,0,0,NA,NA,NA,NA,NA,NA,NA,NA,0,0,NA,NA,NA,0,0,NA,0,NA,NA,0,0,NA,NA,0,0,0,0,NA,0,NA,NA,1,1,0,NA,0,0,0,0,0,NA,0,NA,0,NA,0,0,NA,0,0,0,0,0,0,0,NA,0,NA,NA,0,0,NA,0,NA,NA,0,NA,0,NA,0,0,0,NA,NA,0,0,0,0,NA,NA,0,NA,0,NA,NA,0,0,NA,0,0,NA,0
"10:113409055",0,0,NA,0,0,NA,0,0,0,0,0,NA,1,0,0,0,0,NA,0,0,0,NA,0,NA,0,0,NA,0,0,0,0,NA,NA,NA,0,0,NA,0,0,0,0,0,0,NA,NA,NA,0,NA,0,NA,NA,0,0,0,0,0,0,0,0,0,0,0,0,0,0,0,0,0,0,0,NA,0,0,0,0,0,0,0,0,0,0,0,0,0,NA,0,0,0,0,0,0,0,0,0,0,0,0,NA,0,0,0,0,0,0,NA,0,0,0,0,0,0,0,0,NA,0,1,1,1,1,NA,0,0,0,0,0,0,0,0,0,0,0,0,0,0,0,0,0,0,0,0,0,0,0,0,0,0,0,0,0,0,0,NA,0,0,0,0,0,0,0,0,0,0,0,0,0,0,0,0,0,0,0,0,0,0,0,0,1,0
"11:127465917",0,0,NA,NA,NA,NA,0,0,NA,NA,NA,NA,1,0,0,0,NA,NA,0,NA,0,0,0,NA,0,0,NA,0,NA,0,NA,NA,NA,0,NA,0,NA,0,0,0,0,0,NA,0,0,0,NA,0,0,0,NA,0,0,0,0,0,0,0,0,0,0,0,0,0,0,0,0,0,0,0,0,0,0,NA,0,0,0,0,0,NA,0,0,0,0,0,0,0,0,0,0,0,0,0,NA,0,0,0,0,0,0,0,0,0,0,0,0,0,0,0,0,0,0,0,0,NA,1,1,1,1,0,0,0,0,0,0,0,0,0,0,0,0,0,0,0,0,NA,0,0,0,0,0,0,0,0,0,0,0,0,0,0,0,0,0,0,0,0,0,0,0,0,0,0,NA,0,0,0,0,0,0,0,0,0,0,0,0,0,1,NA
"9:68458968",NA,NA,0,NA,NA,0,0,NA,0,0,0,0,0,0,0,0,NA,0,0,0,0,0,NA,NA,0,0,NA,0,0,0,NA,NA,0,NA,0,0,0,0,0,0,0,0,0,0,0,0,0,0,0,0,0,0,NA,0,0,0,0,0,NA,0,0,0,0,0,NA,0,0,0,0,0,0,0,0,0,0,0,1,1,1,1,1,0,0,0,0,0,0,0,0,0,0,0,0,0,0,0,0,0,0,0,NA,0,NA,0,NA,0,NA,0,0,0,0,0,0,0,0,1,NA,0,NA,0,0,0,0,0,0,0,0,0,0,0,0,0,0,0,0,0,0,0,0,0,0,0,0,NA,0,0,0,0,0,0,0,0,0,NA,0,NA,0,0,0,0,0,0,0,0,0,0,0,0,0,NA,0,0,0,0,0,0,0,NA
"7:15121930",0,0,0,0,0,NA,0,0,0,0,0,0,0,0,0,NA,0,NA,0,0,0,0,0,0,NA,0,0,0,0,0,NA,NA,0,0,0,NA,1,0,0,0,0,NA,0,0,0,0,NA,0,0,0,0,0,0,0,0,0,0,0,NA,NA,NA,NA,0,NA,0,0,0,0,0,0,0,NA,0,0,1,1,1,1,1,1,1,0,NA,NA,0,0,NA,0,0,NA,0,0,NA,0,0,0,0,0,0,0,0,0,0,NA,NA,0,NA,NA,NA,1,0,0,0,NA,NA,NA,0,NA,0,0,0,0,0,0,0,0,0,0,0,0,0,0,0,0,0,0,0,0,0,NA,NA,0,0,0,NA,0,0,NA,0,0,0,0,0,0,0,NA,0,0,0,0,0,0,0,0,NA,NA,0,0,0,0,0,0,0,0,0,0,0,0
"3:96950707",0,NA,0,NA,0,0,0,0,NA,0,0,0,0,0,NA,0,0,0,0,NA,NA,0,0,0,NA,0,0,NA,NA,0,NA,0,NA,0,0,NA,1,0,0,0,0,0,0,NA,0,0,0,0,0,NA,0,0,0,0,0,0,0,NA,0,NA,0,0,NA,0,0,0,0,0,0,0,0,0,0,NA,1,1,1,1,1,1,1,NA,0,0,0,0,0,0,0,0,0,0,0,0,0,0,0,0,0,0,0,0,0,0,0,0,0,NA,0,0,0,0,0,0,0,0,NA,0,0,0,0,0,0,0,0,0,0,0,NA,0,0,0,0,0,0,0,0,0,0,0,0,0,0,0,0,0,0,0,0,0,0,0,0,0,0,0,0,0,0,0,0,0,0,0,0,0,NA,0,0,0,0,NA,0,NA,0,0,0,0
"8:98972757",NA,0,NA,NA,0,0,0,NA,0,0,0,NA,NA,0,0,0,0,0,0,NA,0,NA,0,NA,0,0,NA,NA,0,0,0,0,0,0,NA,NA,1,0,0,0,0,0,0,0,NA,NA,NA,0,0,0,0,0,0,0,NA,NA,0,0,0,0,0,0,0,0,0,0,NA,0,0,0,0,0,0,0,1,1,1,1,1,1,1,0,0,0,0,0,0,0,0,0,0,0,0,0,0,0,0,0,0,0,0,0,NA,0,0,0,0,0,0,0,0,0,0,0,0,0,0,0,0,NA,0,0,0,0,0,0,0,0,0,0,0,0,0,0,0,0,0,0,0,NA,0,NA,0,0,0,0,0,0,0,0,0,0,0,0,NA,0,0,0,0,0,0,0,0,0,0,0,0,NA,NA,0,0,0,0,0,0,0,0,0
"10:111671865",0,NA,NA,0,1,0,NA,0,0,NA,0,NA,0,0,0,NA,0,0,0,0,0,NA,0,NA,NA,0,0,NA,0,0,0,0,0,0,0,NA,NA,0,0,0,0,NA,0,NA,0,0,0,0,0,NA,0,0,0,0,0,NA,0,0,NA,0,0,0,0,0,0,0,0,0,0,0,0,0,0,0,0,0,0,0,1,1,1,NA,0,0,0,0,0,NA,0,0,0,0,NA,0,0,0,0,0,0,0,0,0,0,0,0,0,0,0,0,0,0,0,0,0,0,0,0,0,0,0,0,NA,0,0,0,0,0,0,0,NA,NA,NA,0,NA,0,0,0,0,0,0,0,0,0,0,0,0,0,0,0,0,0,0,0,0,0,0,0,0,0,0,0,0,0,0,0,0,NA,0,0,0,0,0,1,0,0,0,0,0
"2:73366886",0,0,0,0,NA,0,NA,0,NA,0,0,NA,0,0,NA,0,0,0,0,0,NA,0,0,0,0,0,0,0,NA,0,0,NA,0,0,NA,0,NA,NA,0,0,0,0,0,0,0,0,NA,0,0,0,0,0,0,NA,0,0,0,0,NA,0,0,0,NA,0,0,0,0,0,0,0,0,0,NA,0,0,0,0,0,0,1,1,0,NA,0,NA,0,0,NA,0,0,0,0,0,0,0,0,0,0,0,0,0,0,0,0,0,0,0,0,0,0,0,0,0,NA,0,NA,0,0,0,0,NA,0,0,0,0,0,0,0,0,0,0,0,0,0,0,0,0,0,0,0,0,0,0,0,0,0,0,0,NA,0,0,0,0,NA,0,0,0,0,0,0,0,0,0,0,0,0,0,0,0,0,NA,0,0,0,0,0,0,0
"8:132320620",NA,NA,NA,NA,0,NA,NA,NA,0,NA,0,NA,0,NA,0,NA,NA,NA,NA,NA,0,NA,0,NA,NA,NA,0,NA,NA,NA,NA,NA,0,NA,0,0,0,NA,NA,NA,0,NA,0,NA,0,0,NA,0,0,0,NA,0,0,0,0,0,0,0,0,0,0,0,0,0,0,0,0,0,0,0,NA,0,NA,0,0,NA,NA,0,NA,1,1,0,NA,NA,0,0,0,0,0,0,0,0,0,0,NA,NA,0,0,NA,0,0,NA,NA,0,0,0,NA,NA,NA,NA,0,NA,0,0,NA,0,0,0,NA,0,NA,NA,NA,0,0,0,0,NA,0,0,0,0,0,NA,0,0,0,0,NA,0,0,0,NA,0,0,0,NA,0,0,0,0,NA,0,0,0,NA,0,0,0,0,0,0,0,0,0,0,0,0,NA,0,NA,0,NA,NA,0,0,NA,0
"3:166659938",0,0,NA,NA,NA,0,0,0,0,NA,0,0,0,0,0,0,0,0,0,NA,NA,0,0,NA,NA,0,0,0,NA,NA,0,NA,NA,NA,0,0,0,0,0,NA,NA,0,0,0,0,0,0,NA,0,0,0,0,0,0,NA,0,0,0,0,0,0,0,0,0,0,0,0,0,0,0,0,0,0,0,0,0,0,0,0,0,0,0,0,0,0,0,0,1,0,0,0,0,0,0,0,0,0,0,0,0,0,0,0,0,0,0,0,0,0,0,0,0,0,NA,0,0,NA,0,0,0,0,0,0,0,0,0,0,0,0,0,0,0,0,0,0,0,0,0,0,0,0,0,0,0,NA,0,0,0,0,0,0,0,0,0,0,0,0,1,0,0,0,0,0,NA,0,0,0,0,0,0,0,0,0,0,0,NA,NA,0
"6:127065767",0,0,0,NA,NA,NA,0,NA,0,NA,0,NA,NA,0,NA,0,0,NA,0,0,NA,0,0,0,0,NA,NA,0,NA,NA,0,0,1,1,0,0,0,NA,0,0,0,NA,NA,NA,NA,0,0,0,0,0,0,0,0,0,0,0,0,0,0,0,0,0,0,0,0,0,0,0,0,0,0,NA,0,0,0,0,0,0,NA,0,0,0,0,0,0,0,0,0,0,0,0,0,0,0,0,0,0,0,0,0,0,0,0,0,0,0,0,0,0,0,0,0,0,NA,0,0,0,0,0,0,0,0,0,0,0,0,0,0,0,0,0,0,1,1,0,0,0,0,0,0,0,0,0,0,0,0,0,0,0,0,0,0,0,0,0,0,0,1,0,0,0,0,0,0,0,0,0,0,0,0,0,0,0,0,0,0,0,0
"10:105834068",0,0,NA,0,NA,NA,NA,0,NA,0,NA,0,NA,NA,0,0,NA,NA,NA,NA,0,0,0,0,0,0,0,0,NA,0,0,0,1,1,0,NA,NA,0,NA,NA,0,0,0,NA,0,NA,NA,0,NA,NA,0,0,0,0,0,0,0,0,0,0,0,0,0,0,0,0,0,0,0,0,0,0,0,0,0,0,0,0,0,0,0,NA,0,0,0,NA,0,0,0,0,0,NA,0,0,0,0,0,0,0,0,0,0,0,0,NA,0,0,0,NA,0,0,NA,NA,NA,NA,0,0,NA,0,0,0,0,0,0,0,0,0,0,0,0,0,0,1,0,0,0,0,0,0,0,0,0,0,0,0,0,0,0,0,0,0,0,0,0,0,0,0,1,1,0,0,0,0,NA,NA,0,0,0,0,0,0,0,NA,NA,NA,0,0,0
"4:151184731",0,0,0,0,0,0,0,0,0,0,0,0,0,0,NA,NA,NA,0,0,0,0,0,0,0,NA,0,0,0,0,0,0,0,1,1,0,0,NA,0,0,0,NA,NA,0,0,0,0,NA,NA,0,0,0,NA,0,NA,NA,0,0,NA,0,NA,NA,0,NA,0,0,0,0,0,0,0,NA,0,0,0,0,0,NA,0,NA,0,0,0,0,0,0,0,0,0,0,0,0,0,0,0,0,0,0,NA,NA,0,0,0,0,NA,0,0,NA,0,0,NA,0,0,0,NA,0,NA,NA,0,0,0,NA,NA,0,0,NA,0,0,0,0,0,0,0,1,0,0,0,0,0,NA,0,0,0,NA,0,0,0,NA,0,0,0,0,0,0,NA,0,0,0,1,0,NA,0,0,0,NA,0,NA,0,0,0,0,0,0,0,0,NA,0,0,0
"4:63540416",0,0,0,NA,0,NA,0,0,NA,0,NA,NA,0,NA,0,0,0,0,0,NA,0,0,0,NA,0,NA,0,NA,0,0,0,0,1,1,NA,NA,0,0,0,0,0,0,0,NA,0,0,NA,0,0,0,0,NA,0,0,0,0,0,0,NA,0,0,0,0,0,NA,0,0,0,0,0,0,0,NA,0,0,0,0,0,NA,0,0,0,0,0,NA,0,0,0,0,0,0,0,0,NA,0,0,0,NA,0,0,0,0,0,0,0,0,0,0,0,0,0,0,0,0,0,0,0,0,0,0,0,0,0,0,NA,NA,0,0,0,0,0,0,1,0,0,0,0,0,0,0,0,0,0,0,0,0,NA,0,0,0,0,0,NA,0,NA,0,0,1,0,0,0,0,0,NA,0,0,0,0,0,0,0,0,0,0,0,0,0,0
"5:174282630",0,0,0,NA,0,0,0,NA,0,0,0,NA,NA,NA,0,NA,NA,NA,NA,NA,NA,0,0,0,0,0,0,0,NA,0,0,0,0,0,0,0,0,0,NA,0,0,0,0,NA,1,1,1,0,0,0,0,0,0,0,0,0,0,0,0,0,0,0,0,0,0,0,0,0,0,0,0,0,0,0,0,0,NA,NA,0,0,NA,0,0,0,0,0,0,0,0,0,0,0,0,0,0,0,0,0,0,0,0,0,0,0,1,1,0,0,0,1,1,1,0,0,0,0,0,0,0,0,0,0,0,0,0,0,0,0,0,0,0,0,0,0,0,0,0,0,0,0,0,0,0,1,0,0,0,0,0,0,0,0,0,0,0,0,0,0,0,NA,0,0,0,0,1,0,0,0,0,0,NA,0,0,0,0,0,0,NA
"9:75701509",0,0,0,0,0,0,0,0,0,0,0,0,1,0,0,0,0,0,0,0,0,0,0,0,0,0,0,0,0,0,0,0,0,NA,0,0,0,0,0,0,0,0,0,NA,1,1,1,NA,0,NA,NA,NA,0,0,NA,0,NA,NA,0,NA,0,0,0,0,0,0,0,0,0,0,0,0,NA,NA,0,0,0,0,0,0,0,NA,NA,0,NA,0,0,NA,0,0,0,0,NA,0,NA,0,0,NA,0,NA,0,NA,0,NA,1,NA,NA,0,0,1,1,NA,0,NA,NA,1,NA,NA,1,NA,0,0,0,NA,NA,NA,0,0,0,0,1,0,NA,NA,NA,0,0,0,0,0,0,NA,0,1,0,0,NA,0,0,NA,0,0,0,1,0,NA,0,NA,NA,0,NA,NA,0,NA,1,1,0,NA,0,NA,NA,0,NA,0,0,0,1,0
"22:37304443",0,NA,0,0,0,0,NA,NA,0,0,0,0,0,NA,0,NA,0,0,0,NA,0,0,0,0,0,0,0,0,0,NA,0,0,0,0,0,0,0,0,NA,NA,0,0,0,0,1,1,1,0,0,0,0,NA,0,0,0,0,0,0,NA,0,0,0,NA,0,NA,0,0,NA,NA,NA,NA,0,0,0,NA,0,0,0,NA,0,0,0,NA,1,NA,0,0,NA,0,NA,0,0,NA,0,0,0,0,0,0,0,NA,0,0,0,1,NA,0,0,0,0,0,NA,0,NA,NA,0,NA,NA,0,0,0,0,0,0,0,NA,0,0,0,0,NA,0,0,NA,0,0,NA,0,0,0,0,NA,0,0,0,0,0,0,0,0,0,0,0,1,0,NA,0,0,0,0,0,0,0,NA,NA,0,0,0,0,NA,0,NA,0,0,0,0,0,NA
"5:91565728",NA,NA,0,NA,0,NA,NA,0,0,0,0,0,0,NA,0,NA,NA,NA,0,NA,0,0,0,0,NA,0,0,0,0,0,0,0,0,NA,NA,NA,NA,NA,NA,0,0,NA,0,0,1,1,1,0,0,0,0,0,NA,0,0,NA,NA,0,0,0,0,0,NA,0,0,0,0,0,0,NA,0,NA,0,NA,NA,NA,0,0,0,NA,0,0,0,0,0,0,0,0,0,0,0,0,0,NA,NA,NA,NA,0,0,0,NA,0,0,1,1,1,NA,0,NA,0,0,0,NA,0,0,0,0,0,0,0,0,0,0,NA,NA,NA,0,0,NA,0,0,NA,0,0,0,0,0,0,0,0,0,0,0,0,0,NA,0,0,0,0,NA,0,0,1,NA,0,0,0,NA,0,0,0,0,0,0,0,NA,0,NA,0,0,NA,0,0,0,0,0,0
"8:91257735",0,NA,0,NA,0,0,0,0,0,0,0,0,0,NA,0,0,NA,0,0,0,0,0,0,0,0,0,0,0,0,0,0,0,0,0,0,0,0,0,0,0,0,0,0,0,1,1,1,0,0,NA,0,0,0,0,0,0,0,NA,0,0,0,0,0,0,NA,0,0,0,0,0,0,0,0,0,0,0,0,0,0,0,0,0,0,0,0,0,0,0,0,0,0,0,0,0,0,0,0,0,0,0,0,0,0,0,1,1,0,0,0,0,0,0,NA,0,0,0,0,0,0,0,0,0,0,0,0,NA,0,0,0,0,0,0,0,0,0,0,0,0,0,0,0,0,0,0,0,0,0,0,0,0,0,0,0,1,0,0,0,0,0,NA,0,0,0,0,NA,0,0,0,0,0,0,0,0,0,0,0,0,0
"1:94624645",0,NA,0,NA,0,NA,0,0,0,0,0,0,0,1,0,NA,0,0,0,0,NA,0,0,0,0,0,0,0,0,0,0,0,0,0,0,0,0,0,0,0,NA,0,0,0,1,0,1,NA,NA,NA,NA,NA,0,NA,0,NA,0,NA,0,NA,NA,0,NA,0,NA,0,0,NA,NA,0,0,0,NA,NA,0,0,0,0,0,NA,0,NA,NA,NA,NA,0,NA,0,NA,NA,NA,0,NA,0,NA,0,NA,NA,NA,0,NA,0,NA,NA,NA,1,NA,0,0,NA,0,NA,0,NA,NA,NA,NA,0,NA,1,NA,NA,0,NA,NA,NA,NA,NA,0,0,0,NA,NA,0,NA,NA,0,0,0,NA,0,NA,0,0,0,0,0,0,0,NA,NA,NA,NA,NA,0,0,0,NA,NA,0,NA,NA,NA,NA,NA,0,NA,NA,0,0,NA,NA,0,NA,0,NA,0,NA
"16:88741304",0,0,0,NA,0,0,0,0,0,0,0,0,0,0,0,0,0,0,0,0,0,0,0,0,0,0,0,0,0,0,0,0,0,0,0,0,0,NA,0,NA,0,0,0,0,1,0,1,0,0,0,0,0,0,0,0,0,0,0,0,0,0,0,0,0,0,0,0,0,0,0,0,0,0,0,0,0,0,0,0,0,0,0,0,0,0,0,0,NA,0,0,0,0,0,0,0,0,0,0,0,0,0,0,0,0,1,1,NA,0,0,NA,0,0,0,0,0,0,0,0,0,0,0,0,0,0,0,0,0,0,0,0,0,0,0,0,0,0,0,0,0,NA,0,0,0,0,0,0,NA,0,0,0,0,0,0,0,0,0,0,0,0,0,0,0,0,0,NA,0,0,0,0,0,NA,0,0,0,0,0,NA,0
"19:57385048",NA,NA,NA,0,0,NA,NA,NA,NA,NA,NA,NA,0,NA,NA,0,NA,NA,0,NA,NA,0,0,NA,NA,NA,NA,0,0,NA,NA,NA,0,NA,NA,NA,NA,NA,NA,NA,0,NA,NA,0,1,NA,1,NA,0,NA,NA,NA,NA,0,0,0,NA,NA,0,0,0,NA,0,NA,0,NA,NA,0,NA,0,NA,NA,0,0,NA,NA,NA,0,0,0,NA,NA,NA,NA,NA,0,NA,NA,NA,0,0,NA,0,0,0,0,0,NA,NA,NA,NA,NA,NA,0,1,1,0,NA,NA,NA,NA,NA,NA,0,0,0,NA,NA,NA,0,0,0,0,0,0,0,NA,0,0,NA,0,NA,NA,NA,0,NA,NA,NA,0,NA,NA,NA,0,NA,NA,NA,0,NA,NA,0,NA,NA,0,1,NA,NA,NA,0,NA,NA,NA,NA,NA,NA,NA,NA,0,NA,0,NA,0,NA,NA,0,NA,NA,NA,0
"2:4378860",NA,0,0,0,NA,0,0,0,NA,NA,0,0,0,NA,0,0,0,NA,NA,0,NA,NA,NA,0,NA,0,0,0,0,0,0,0,0,0,0,NA,0,0,NA,0,0,0,NA,0,1,0,1,0,0,0,0,0,0,0,0,0,0,0,0,0,0,0,0,0,0,0,NA,0,0,0,0,0,0,0,0,0,0,0,0,0,0,0,0,0,0,0,0,0,0,NA,0,NA,0,0,0,0,0,0,0,0,0,0,0,0,1,1,0,0,0,0,0,0,0,0,0,0,0,0,0,0,0,0,0,0,0,0,0,0,0,0,0,0,0,0,0,0,0,0,0,0,0,0,0,0,0,0,0,0,0,0,0,0,0,1,0,0,0,0,0,0,0,0,0,0,0,0,0,0,0,0,0,NA,0,0,0,0,0,0
"21:15464949",0,0,0,0,0,0,NA,0,0,0,NA,NA,0,0,0,0,0,0,NA,1,0,0,0,NA,0,0,NA,0,1,0,0,0,0,0,NA,NA,NA,0,0,0,0,0,0,NA,1,0,NA,0,NA,1,0,NA,0,0,NA,0,0,0,0,0,0,0,0,0,0,0,0,NA,0,0,0,0,0,0,0,0,0,0,0,0,0,1,NA,1,0,0,0,0,0,0,0,0,0,0,0,0,0,0,0,0,0,NA,0,0,0,NA,0,0,NA,0,0,0,0,0,0,0,0,0,0,0,0,0,0,0,0,0,0,0,0,0,0,0,0,0,0,0,0,0,0,NA,0,0,0,0,0,0,0,NA,1,0,0,0,1,NA,0,0,0,NA,0,NA,0,0,NA,0,0,0,0,0,NA,0,NA,0,0,0,0,0,0,0
"5:85494671",NA,0,NA,NA,0,0,0,NA,NA,0,0,NA,0,0,NA,0,0,NA,0,0,NA,0,NA,NA,NA,NA,NA,0,NA,0,NA,NA,0,0,NA,0,NA,0,0,0,NA,0,0,0,1,0,0,0,0,0,0,0,0,0,0,0,0,0,0,0,0,0,0,0,NA,NA,0,0,0,0,0,0,0,0,0,0,NA,0,0,0,NA,0,0,0,NA,0,0,NA,0,0,0,0,0,0,0,0,0,0,NA,0,0,0,0,0,NA,1,0,0,0,0,0,0,0,0,0,0,0,0,0,0,0,NA,0,0,0,NA,0,0,0,0,NA,0,0,0,0,0,0,0,NA,0,0,0,NA,NA,0,0,0,0,0,0,NA,0,0,0,0,NA,NA,0,0,0,0,0,NA,0,0,0,0,0,0,NA,0,0,0,0,0,0,0,0
"1:92370191",1,0,0,0,NA,1,1,NA,0,0,0,0,0,0,0,0,0,0,NA,NA,NA,0,0,0,NA,0,0,0,0,0,NA,0,1,0,0,0,0,0,0,0,0,0,0,0,0,0,0,NA,NA,0,0,NA,0,NA,NA,NA,0,0,0,NA,NA,NA,NA,NA,NA,1,NA,NA,NA,NA,NA,NA,0,NA,NA,0,0,0,NA,NA,0,NA,1,NA,NA,0,NA,NA,0,0,1,NA,NA,NA,NA,1,0,0,NA,NA,0,NA,NA,NA,0,NA,NA,NA,NA,NA,0,NA,NA,NA,NA,0,0,0,0,NA,NA,NA,0,0,1,NA,0,0,0,0,0,NA,NA,0,0,NA,0,NA,0,NA,NA,1,0,0,0,0,0,0,NA,0,NA,0,0,NA,NA,NA,0,NA,NA,NA,1,0,NA,NA,NA,NA,NA,0,0,0,NA,NA,NA,0,NA,NA,NA,NA
"16:34551024",NA,NA,0,1,1,1,1,0,0,0,0,1,0,0,0,0,0,0,0,0,NA,0,0,NA,0,NA,0,0,0,0,0,0,0,0,0,0,NA,NA,NA,0,NA,0,0,0,0,0,NA,0,NA,NA,0,0,0,0,NA,0,NA,0,0,1,1,0,1,0,0,1,1,0,0,0,0,0,0,0,NA,0,0,0,0,0,0,0,0,0,0,0,0,0,0,0,0,0,0,NA,0,0,0,0,0,0,0,NA,0,0,0,0,0,0,0,0,0,0,0,0,0,0,0,0,0,0,0,0,0,0,0,0,0,0,0,0,0,0,NA,0,0,0,NA,0,0,0,0,0,0,NA,0,0,0,0,0,0,0,0,0,0,0,NA,0,0,0,0,0,0,0,0,0,0,0,0,0,NA,0,0,0,0,0,0,0,0
"13:106099445",NA,0,0,NA,1,1,0,0,0,NA,NA,NA,0,NA,NA,NA,0,0,0,NA,NA,NA,0,NA,0,0,0,0,0,NA,NA,0,NA,0,NA,0,0,0,NA,NA,0,0,0,NA,0,NA,NA,0,0,0,0,0,0,NA,0,0,NA,0,0,0,1,0,1,0,NA,1,0,0,0,0,0,0,NA,0,0,NA,NA,0,0,0,0,0,0,NA,0,NA,NA,0,NA,0,0,0,0,0,0,0,0,0,0,0,NA,NA,NA,0,0,0,0,0,0,0,0,NA,NA,0,0,0,0,NA,0,0,0,NA,0,NA,0,NA,0,0,0,0,0,0,0,0,0,0,0,0,0,NA,0,0,0,0,NA,0,0,0,0,0,0,0,NA,0,0,0,0,0,NA,0,0,0,NA,0,NA,0,0,NA,0,NA,0,0,0,0,NA,NA,0,0
"20:8806493",0,NA,NA,NA,1,1,NA,0,NA,NA,0,0,0,0,0,NA,NA,NA,0,NA,0,NA,0,NA,0,0,0,0,NA,NA,NA,NA,0,0,0,NA,NA,NA,NA,0,0,NA,0,NA,0,0,NA,0,0,NA,0,0,0,0,NA,0,NA,NA,0,0,1,0,1,0,0,1,0,NA,0,NA,0,0,0,0,0,NA,0,0,0,0,0,NA,0,0,0,0,0,0,0,0,0,0,0,NA,0,0,0,0,0,0,0,0,0,NA,0,1,0,NA,0,0,NA,0,NA,0,0,0,0,0,0,0,NA,0,NA,0,0,0,0,NA,NA,NA,0,0,0,0,0,0,0,0,NA,0,0,0,NA,0,0,NA,0,NA,0,0,0,0,NA,0,NA,0,0,0,0,0,0,0,0,0,0,0,0,0,NA,0,0,0,NA,0,0,0,NA,NA
"1:80705087",0,NA,0,0,0,0,0,0,0,0,0,0,0,0,0,NA,0,NA,0,0,0,0,NA,NA,NA,0,0,0,0,0,NA,0,NA,0,1,0,0,0,0,0,0,NA,0,0,0,NA,NA,0,0,0,0,0,0,0,0,0,0,0,0,0,0,0,NA,0,0,0,0,0,0,0,0,NA,0,0,0,0,NA,0,0,0,0,NA,NA,0,0,0,0,0,0,0,0,0,0,0,0,0,0,NA,NA,0,0,0,0,0,0,0,0,0,0,0,0,0,0,NA,0,0,0,0,0,0,0,0,0,0,0,0,0,1,0,0,0,0,0,0,0,0,0,0,0,0,0,0,1,0,0,0,0,0,0,0,0,0,0,0,0,0,0,0,0,0,0,0,0,0,0,0,0,0,1,0,0,0,0,0,0,0,0,0
"7:116172574",0,0,0,0,0,0,0,0,0,0,0,0,0,0,0,0,0,0,0,0,0,NA,0,0,0,0,0,0,0,0,0,0,0,NA,1,0,0,NA,0,0,0,0,0,0,0,0,0,NA,0,0,0,0,0,0,NA,0,0,0,NA,0,0,0,0,0,0,0,0,0,0,0,0,0,0,0,0,0,0,0,0,0,0,0,0,0,0,0,0,0,0,0,0,0,0,0,0,0,0,0,0,NA,0,0,0,0,0,0,0,0,0,0,0,0,0,0,0,0,0,0,0,0,0,0,0,0,0,0,NA,1,0,0,0,0,0,0,0,NA,0,0,0,0,0,0,0,0,0,0,0,0,0,0,0,0,0,0,0,0,0,0,0,0,0,0,0,NA,NA,0,0,0,1,0,0,0,0,0,0,0,0,0
"11:118835395",0,0,0,NA,0,0,0,0,0,0,0,0,0,0,0,0,0,0,0,1,0,NA,1,0,0,0,NA,1,NA,0,0,1,0,0,1,0,0,0,NA,0,0,0,0,0,NA,NA,NA,1,NA,0,1,NA,0,NA,NA,0,0,0,0,NA,0,NA,NA,1,NA,0,NA,NA,NA,0,0,NA,0,0,0,0,NA,0,0,NA,1,0,0,0,NA,NA,1,NA,NA,0,NA,NA,NA,0,0,0,0,0,NA,0,0,NA,0,NA,0,0,0,NA,0,NA,0,0,0,NA,NA,0,NA,0,0,NA,0,0,0,0,NA,0,0,0,NA,NA,NA,0,0,0,0,NA,0,NA,0,0,0,0,0,NA,0,0,0,1,0,NA,0,NA,0,1,1,0,0,NA,NA,NA,0,0,0,NA,NA,0,NA,0,0,NA,0,0,0,0,0,NA,0,0
"2:128376785",0,0,0,0,NA,0,1,0,NA,NA,0,0,0,1,0,0,0,0,0,0,0,0,1,NA,NA,0,0,0,0,0,1,1,NA,0,1,NA,0,NA,0,0,NA,NA,0,0,0,0,0,1,0,0,NA,1,1,0,NA,1,0,0,0,0,0,0,0,0,0,NA,0,0,0,0,0,0,0,0,0,NA,0,0,0,NA,0,0,0,0,0,1,1,0,NA,0,0,0,0,0,0,0,NA,NA,1,1,0,0,0,0,NA,1,0,0,NA,NA,0,0,0,NA,0,0,0,NA,NA,0,0,0,0,0,NA,0,0,NA,1,NA,0,0,0,0,0,0,NA,NA,0,0,NA,1,NA,0,NA,0,0,0,NA,0,0,0,0,NA,NA,0,0,0,NA,1,NA,0,0,0,NA,0,0,0,NA,NA,0,0,NA,0,0,0,0,NA
"15:87878865",NA,0,NA,0,0,0,0,0,1,0,0,0,0,1,0,NA,0,1,NA,0,0,NA,NA,1,0,0,0,0,0,0,0,0,0,0,1,0,0,0,0,0,0,0,0,0,1,0,0,0,0,0,0,0,NA,NA,NA,0,0,0,0,0,0,0,0,0,0,0,0,0,NA,NA,0,0,0,NA,0,NA,NA,0,0,0,0,0,0,0,0,0,NA,0,0,0,0,0,0,0,0,0,0,0,0,0,0,0,0,0,0,0,0,0,0,0,0,NA,0,0,0,0,NA,1,0,0,1,0,NA,0,0,0,0,0,0,0,0,0,0,0,0,1,0,0,0,0,0,NA,NA,0,0,1,0,1,0,0,0,NA,0,0,0,0,0,0,0,0,0,0,0,0,NA,0,0,0,0,0,0,0,0,0,0,0,0,NA
"3:196429334",0,0,0,0,0,0,NA,0,NA,1,0,NA,0,0,NA,1,0,0,0,0,0,NA,0,0,0,0,0,0,0,0,0,1,0,0,1,0,0,0,0,0,NA,0,0,0,NA,1,0,0,NA,0,0,0,0,0,NA,0,0,NA,0,NA,NA,0,1,0,NA,0,0,0,0,0,0,0,NA,0,0,1,NA,0,NA,0,0,0,0,1,NA,NA,NA,0,0,0,0,0,NA,NA,0,0,0,NA,0,0,0,0,NA,0,0,NA,0,0,0,0,0,NA,0,0,NA,NA,0,NA,0,NA,1,0,0,0,0,0,0,0,NA,0,0,0,0,1,NA,0,0,0,0,0,0,NA,NA,0,0,0,0,1,0,0,0,0,0,NA,0,NA,0,NA,0,NA,0,NA,0,NA,NA,0,NA,NA,0,0,NA,0,0,0,NA,0,1,0
"1:56656067",NA,NA,0,0,NA,0,0,0,0,NA,0,0,0,0,0,0,NA,0,NA,NA,0,0,NA,0,0,0,0,0,0,0,0,0,0,0,NA,0,0,0,0,NA,0,NA,1,0,0,NA,0,0,0,0,0,0,0,NA,0,0,0,0,0,0,0,0,0,0,0,0,0,0,0,0,NA,0,0,0,0,0,1,0,0,0,0,0,NA,0,0,0,NA,0,0,0,0,0,0,0,0,0,0,0,0,0,0,0,0,0,0,0,0,NA,0,0,0,0,0,0,0,0,NA,0,0,0,1,1,0,0,0,0,0,0,0,0,0,0,0,0,NA,0,0,0,0,0,0,0,0,0,0,0,0,0,0,0,0,0,0,0,NA,NA,0,0,0,0,0,0,0,0,0,0,0,NA,0,0,0,0,0,0,0,0,0,0
"10:11346513",0,0,0,0,NA,NA,0,0,0,0,0,0,0,0,0,0,0,0,0,0,0,0,0,0,0,0,0,0,0,NA,0,0,NA,0,NA,0,0,0,0,0,NA,0,1,NA,0,NA,0,0,0,0,0,0,0,0,0,0,0,0,0,0,0,0,0,0,0,0,0,0,0,0,0,0,0,0,0,0,0,0,0,0,0,0,0,0,0,0,0,0,0,0,0,0,0,0,0,0,0,0,0,0,0,0,0,0,0,0,0,0,0,0,0,0,0,0,0,0,0,0,NA,0,1,0,0,0,0,0,0,0,0,0,0,0,NA,0,0,NA,0,0,0,0,0,0,0,0,0,0,0,0,0,0,0,0,0,0,0,0,0,0,0,0,0,0,0,0,0,0,0,0,0,0,0,0,0,0,0,0,0,0
"14:104560266",0,0,NA,NA,0,0,0,1,0,0,0,0,0,0,NA,0,0,0,NA,0,0,0,0,NA,0,NA,NA,0,0,0,NA,0,NA,NA,0,1,NA,NA,0,0,0,0,NA,NA,0,NA,0,0,0,0,0,0,1,0,0,0,0,0,0,0,0,0,1,0,0,0,0,0,0,NA,0,NA,1,0,0,0,0,NA,0,0,0,0,0,0,0,0,0,0,0,0,0,0,0,0,0,0,0,0,0,0,0,0,0,0,0,0,0,0,0,0,0,0,0,NA,0,NA,0,0,NA,0,0,0,0,0,0,NA,0,0,0,0,0,0,1,0,0,1,0,NA,0,0,0,0,0,0,0,0,0,0,0,0,0,0,0,0,0,0,NA,0,0,0,0,NA,1,0,NA,0,1,0,0,NA,NA,NA,NA,0,0,NA,0,0
"9:122142539",NA,0,0,0,0,0,NA,1,0,0,0,0,NA,0,0,0,0,0,0,0,0,0,0,0,0,0,0,0,0,0,NA,0,0,0,NA,0,0,NA,NA,0,0,0,0,0,NA,0,0,0,1,0,0,0,0,0,NA,0,0,1,0,0,0,0,0,0,0,0,0,0,0,1,0,1,1,1,0,0,0,0,0,0,0,0,0,0,0,0,0,0,0,0,0,0,0,NA,0,0,1,1,0,0,0,0,0,0,0,NA,1,NA,0,0,0,0,0,NA,0,0,0,NA,0,0,0,NA,0,0,NA,0,0,0,0,0,0,0,0,0,0,0,0,0,0,0,0,0,0,0,0,0,0,0,0,0,0,0,NA,0,0,0,0,0,0,0,0,0,0,0,NA,0,0,0,0,0,0,NA,1,1,0,0,0,0
"1:50817128",0,0,0,0,0,NA,0,1,0,0,0,NA,0,0,0,0,0,0,0,0,NA,0,0,0,0,0,0,0,0,0,0,0,NA,0,0,0,0,0,0,0,0,0,0,0,0,0,0,0,0,0,0,0,0,0,0,0,0,0,0,0,0,0,0,0,0,0,NA,0,NA,0,0,1,1,1,0,0,0,0,0,0,0,0,0,0,0,0,0,0,0,NA,0,0,0,0,0,0,0,0,0,NA,NA,0,0,0,0,0,0,0,0,0,0,0,0,NA,0,0,0,0,0,0,0,0,0,0,NA,0,0,0,0,0,0,NA,0,0,0,0,0,0,0,0,0,0,0,0,0,0,0,0,0,0,0,0,0,0,0,0,0,0,NA,0,0,0,0,0,0,0,0,NA,0,0,0,NA,0,0,0,0,NA,0
"16:9439315",0,0,NA,NA,NA,NA,0,1,NA,NA,0,0,0,0,0,0,NA,0,0,0,NA,0,0,0,NA,NA,NA,0,NA,NA,0,NA,0,NA,0,0,0,0,0,0,NA,0,0,0,0,NA,NA,0,0,0,0,0,0,0,0,0,0,0,NA,0,0,0,0,NA,0,0,0,NA,0,0,NA,1,1,1,0,0,0,0,0,0,0,0,0,0,0,0,0,0,0,0,0,0,0,0,0,0,0,0,0,0,0,0,0,0,0,0,0,0,0,0,NA,0,0,0,0,0,NA,0,0,0,0,0,0,0,0,0,0,0,0,0,0,0,0,0,0,0,0,0,0,0,0,0,0,0,NA,0,0,0,0,0,0,0,0,0,0,NA,0,0,0,0,0,0,0,0,0,0,0,0,0,0,0,0,NA,0,0,0,0,0
"8:70200238",0,0,0,0,0,0,0,1,NA,0,NA,NA,NA,NA,0,0,NA,0,NA,NA,NA,0,0,0,0,NA,NA,0,NA,NA,0,0,NA,0,0,0,NA,NA,0,NA,NA,0,0,0,0,0,NA,0,0,0,0,0,0,0,0,0,NA,NA,0,0,0,NA,0,0,0,0,0,0,0,1,1,1,1,1,0,0,0,NA,0,0,0,NA,0,0,0,NA,0,0,0,0,0,0,0,NA,0,0,0,0,0,NA,0,NA,0,0,0,0,0,0,0,0,NA,NA,0,0,0,NA,NA,0,0,0,0,NA,0,0,0,0,NA,0,0,0,NA,0,0,0,NA,0,0,0,NA,0,0,0,0,0,0,0,0,0,NA,0,0,0,0,0,NA,0,0,0,0,0,0,0,0,0,NA,0,0,NA,NA,0,0,0,0,0,NA,0,NA,0
"8:70200239",NA,0,0,NA,0,0,NA,1,0,0,0,0,0,0,0,0,NA,NA,0,NA,0,0,NA,0,NA,NA,0,NA,NA,0,NA,NA,NA,0,0,NA,0,0,0,NA,NA,0,NA,0,0,0,0,0,0,0,0,0,0,0,0,0,NA,0,0,0,NA,0,0,0,0,0,0,0,NA,1,0,1,1,1,0,0,0,0,0,0,0,0,NA,0,0,0,0,0,0,0,0,0,0,0,0,0,0,0,0,NA,0,0,0,0,NA,0,0,0,0,0,0,0,NA,0,0,0,0,0,NA,0,0,0,NA,0,0,0,0,0,0,0,0,0,0,0,0,0,0,0,0,0,0,0,0,0,0,0,0,0,0,0,0,0,0,0,0,0,0,0,0,0,0,0,0,0,NA,0,0,NA,0,0,0,0,0,0,0,NA,NA,0
"4:119799796",0,1,0,0,NA,0,NA,1,0,0,0,1,1,0,0,0,1,1,NA,1,0,NA,NA,0,0,NA,0,0,0,NA,0,0,0,1,NA,0,0,NA,0,0,NA,NA,NA,1,NA,1,NA,NA,0,0,0,1,0,1,NA,0,1,1,NA,1,0,0,1,0,0,1,0,0,0,0,0,0,0,1,0,0,0,0,0,0,0,0,0,0,1,0,0,0,NA,0,0,1,1,0,0,0,0,0,0,1,NA,0,0,0,0,0,1,1,1,0,0,0,0,0,0,0,0,0,1,0,1,0,0,0,0,0,0,NA,0,0,0,1,0,0,0,0,0,0,0,0,0,0,0,0,0,0,0,0,1,0,0,1,0,0,0,0,0,1,NA,1,NA,1,0,0,NA,1,0,0,0,0,0,0,0,0,0,1,0,0
"3:115563333",0,0,0,1,1,1,1,1,1,NA,0,1,NA,0,0,0,0,0,0,0,NA,0,0,0,0,0,0,0,0,NA,0,0,0,0,0,NA,0,NA,0,0,0,NA,0,0,NA,0,0,NA,0,0,0,1,1,1,1,1,1,1,1,1,1,1,1,1,1,1,1,0,1,1,0,1,1,1,1,0,0,0,NA,0,NA,0,0,NA,0,0,NA,0,0,NA,0,0,0,NA,0,0,0,0,NA,0,0,0,0,0,0,0,0,0,0,NA,0,0,0,NA,1,NA,NA,0,0,0,0,0,0,NA,0,NA,0,NA,0,0,0,0,0,0,NA,0,0,0,0,0,0,NA,0,NA,0,0,0,0,0,0,0,NA,NA,0,0,0,0,0,NA,0,0,0,NA,NA,NA,0,NA,NA,0,0,NA,0,0,0,0,0,NA,0
"16:25552378",0,NA,NA,1,1,1,1,1,1,NA,NA,1,NA,0,0,0,0,NA,0,NA,NA,NA,0,0,NA,NA,0,0,NA,0,NA,0,0,0,0,0,NA,0,NA,0,0,0,NA,0,NA,0,0,0,0,0,1,1,1,NA,1,1,1,1,1,1,1,1,1,1,1,1,1,0,1,1,0,1,1,1,0,0,0,0,0,0,0,0,0,0,0,0,0,0,0,0,0,0,0,0,0,0,0,0,0,1,0,0,0,0,0,0,0,0,0,0,0,0,0,NA,0,NA,0,0,0,0,0,0,0,NA,NA,0,0,0,0,0,0,0,0,0,NA,0,0,NA,0,0,0,0,0,0,0,0,0,0,0,0,0,0,0,0,0,0,NA,0,0,0,0,0,0,NA,0,0,0,0,0,0,0,0,0,0,0,0,0,0
"4:130414407",NA,0,0,1,1,1,1,1,1,NA,0,1,0,0,NA,0,0,NA,0,0,NA,NA,NA,0,0,0,0,0,0,0,NA,0,NA,NA,0,0,0,0,0,0,NA,NA,0,NA,0,0,0,NA,0,0,1,1,1,1,1,1,1,1,1,1,1,1,1,1,1,1,1,1,1,1,0,1,0,1,0,0,0,0,NA,0,0,NA,0,0,0,0,0,0,0,0,0,0,0,0,0,0,0,0,0,0,0,0,0,NA,0,0,0,0,0,0,0,0,0,0,0,0,0,0,0,0,0,0,0,0,0,0,0,0,0,0,0,0,0,NA,0,0,NA,0,0,0,0,0,0,0,0,0,0,NA,0,0,0,0,0,0,0,0,0,0,0,0,0,0,0,0,NA,0,0,0,0,0,0,0,0,0,0,0,0,0
"2:76257370",NA,0,NA,1,1,1,1,1,1,0,0,1,0,NA,0,1,1,1,0,0,0,0,1,NA,0,0,0,0,0,0,NA,0,NA,0,0,0,1,NA,0,NA,NA,0,0,0,0,0,NA,0,0,0,1,1,1,1,1,NA,1,1,1,1,1,1,1,1,1,1,1,1,1,1,1,1,1,1,1,1,1,1,1,1,1,0,0,0,0,0,0,0,0,0,0,0,0,0,0,0,0,0,0,0,0,0,0,0,0,0,0,0,0,0,0,0,0,0,0,0,0,0,0,0,0,0,0,0,0,0,1,0,0,0,0,0,0,0,0,0,0,0,0,NA,0,0,0,0,0,NA,0,0,0,0,0,0,0,0,0,0,0,0,0,0,1,1,0,0,0,0,0,0,0,0,0,0,0,0,0,NA,0,0
"5:129822071",0,0,0,1,1,1,1,1,1,0,0,1,0,0,0,1,1,1,0,0,0,0,1,NA,0,0,0,0,0,0,0,0,0,0,0,NA,0,0,0,0,NA,0,0,NA,0,NA,0,0,0,0,1,1,1,NA,1,1,1,1,1,1,1,1,1,1,1,1,1,1,1,1,1,1,1,1,0,0,0,0,NA,0,0,NA,0,0,0,0,0,0,0,0,0,0,0,0,0,0,0,0,0,0,0,0,0,0,0,0,0,0,0,0,0,0,0,0,0,0,0,0,0,0,0,0,0,0,0,0,1,0,0,0,0,0,0,0,0,0,0,0,0,0,0,0,0,0,0,0,0,NA,0,0,0,0,0,0,0,0,0,0,0,0,1,1,0,NA,0,0,0,0,0,0,0,0,NA,0,0,0,0,0
"10:4024954",0,0,0,0,1,0,0,1,NA,0,0,0,0,NA,0,0,0,NA,NA,1,1,0,NA,1,NA,NA,NA,NA,0,0,0,NA,0,0,0,0,0,0,NA,0,0,NA,NA,0,0,0,0,0,0,1,NA,0,0,0,0,0,0,0,0,NA,1,NA,0,0,0,0,0,0,0,0,0,0,0,0,0,0,0,0,0,0,NA,1,0,0,0,0,0,0,0,0,0,0,0,NA,0,0,NA,0,0,0,0,0,0,0,0,0,0,0,0,0,0,0,0,NA,NA,0,0,0,0,0,0,0,0,0,0,0,0,0,0,1,1,0,0,0,0,0,0,0,0,0,0,0,0,0,0,0,0,0,0,1,0,0,0,0,0,0,0,NA,NA,0,0,1,0,0,1,NA,1,1,0,0,0,1,0,NA,NA,0,0,0
"9:137721492",0,1,0,NA,NA,1,0,1,0,NA,NA,0,0,NA,0,0,0,0,NA,NA,1,NA,NA,NA,NA,1,0,NA,NA,0,1,1,0,0,0,NA,0,0,NA,0,0,NA,0,NA,0,1,0,NA,NA,NA,NA,NA,NA,NA,NA,NA,NA,NA,NA,NA,NA,NA,NA,NA,NA,NA,NA,NA,NA,NA,NA,NA,NA,NA,NA,0,NA,NA,NA,NA,0,NA,NA,NA,NA,0,NA,NA,NA,NA,NA,NA,NA,NA,NA,NA,NA,NA,NA,0,1,0,NA,NA,NA,NA,NA,NA,NA,0,NA,0,1,NA,NA,NA,NA,0,NA,NA,NA,NA,NA,NA,NA,NA,NA,NA,NA,NA,NA,0,NA,NA,0,NA,NA,0,NA,NA,NA,0,0,NA,0,NA,NA,NA,NA,NA,NA,NA,NA,NA,NA,NA,0,NA,NA,NA,0,NA,NA,0,NA,NA,NA,NA,NA,NA,NA,NA,NA,NA,NA,0,NA,NA
"9:137721493",0,1,0,NA,NA,NA,NA,1,0,NA,NA,0,0,0,0,0,0,0,NA,NA,0,NA,NA,0,NA,1,0,0,0,0,0,0,0,0,0,NA,0,0,NA,0,0,0,0,NA,0,0,0,NA,NA,NA,NA,NA,NA,NA,NA,NA,NA,NA,NA,NA,NA,NA,NA,NA,NA,NA,NA,NA,NA,NA,NA,NA,NA,NA,NA,0,0,NA,NA,NA,0,NA,NA,NA,NA,0,NA,NA,NA,NA,NA,NA,NA,NA,NA,NA,NA,NA,0,NA,1,0,NA,NA,NA,NA,NA,NA,NA,NA,NA,0,1,NA,NA,NA,NA,0,NA,NA,NA,NA,NA,NA,NA,NA,NA,0,NA,NA,NA,0,NA,NA,0,NA,NA,0,NA,0,NA,0,0,NA,0,NA,NA,NA,NA,NA,NA,NA,NA,NA,NA,NA,0,NA,NA,NA,0,NA,NA,0,NA,NA,NA,NA,NA,NA,NA,NA,NA,NA,NA,0,NA,NA
"1:41022002",0,NA,NA,0,0,0,0,NA,NA,0,0,NA,0,0,NA,NA,NA,0,0,0,NA,0,NA,1,NA,0,NA,0,1,0,0,NA,0,0,NA,0,0,0,NA,0,0,0,0,0,0,0,0,NA,0,NA,0,NA,0,0,NA,0,0,0,0,0,0,0,0,0,0,0,0,0,0,0,0,0,0,0,0,0,0,0,0,0,0,0,0,0,0,0,0,0,0,0,NA,0,0,0,0,0,0,NA,0,0,0,0,0,0,0,0,0,NA,0,0,0,NA,0,NA,0,0,0,0,0,NA,0,0,1,0,0,0,0,0,0,0,0,0,0,0,0,0,0,0,0,0,0,0,0,0,0,0,0,0,0,0,0,0,0,NA,0,0,0,NA,0,0,0,NA,0,0,0,0,0,0,0,0,0,NA,0,0,0,0,NA,0
"4:35634332",0,0,NA,0,0,NA,NA,0,0,NA,0,0,0,NA,NA,NA,0,NA,NA,0,NA,NA,0,1,0,0,0,NA,NA,NA,0,0,0,0,NA,0,NA,0,0,0,0,0,NA,0,NA,NA,0,0,0,0,0,NA,0,NA,0,0,0,0,0,0,0,0,0,0,0,0,0,0,0,0,0,0,0,0,0,0,0,NA,0,0,0,0,0,0,1,0,0,0,0,0,0,0,0,0,0,0,0,0,0,0,0,0,0,0,0,0,1,NA,0,0,0,0,NA,0,0,0,0,0,NA,0,0,0,0,NA,0,0,0,0,0,0,0,0,0,0,0,0,0,0,0,0,0,0,0,0,0,NA,0,0,0,0,0,0,0,0,0,0,0,0,0,0,0,0,0,NA,NA,0,0,0,0,NA,0,0,0,0,0,0,0,0
"2:128376791",NA,NA,NA,0,NA,NA,1,0,NA,0,NA,0,0,0,0,0,0,NA,0,0,0,0,1,1,1,0,NA,1,NA,0,0,NA,NA,1,1,NA,NA,1,0,NA,NA,NA,0,0,NA,0,1,0,0,1,0,1,NA,0,0,0,1,0,NA,0,0,1,0,1,0,1,0,0,0,0,NA,0,0,0,NA,1,0,0,NA,NA,1,0,0,1,1,1,1,0,NA,0,0,NA,0,1,NA,1,0,0,0,NA,0,0,0,0,1,0,NA,NA,NA,NA,NA,NA,NA,NA,1,1,0,NA,1,0,0,0,0,1,NA,NA,0,0,1,1,1,0,0,NA,1,NA,NA,NA,NA,1,1,1,NA,0,0,0,1,0,0,NA,1,0,0,NA,0,0,0,0,0,0,0,NA,0,1,NA,1,0,1,1,0,0,0,NA,0,NA,1,0,NA
"1:38801775",0,NA,0,0,0,0,NA,0,0,1,0,0,1,0,0,0,0,0,0,0,0,0,0,0,NA,1,1,1,1,1,1,0,0,NA,NA,0,0,0,0,1,1,1,1,1,1,1,1,0,0,0,NA,NA,0,0,0,0,0,NA,0,0,0,0,0,0,0,NA,0,0,0,0,0,0,0,0,0,0,0,0,0,0,0,1,1,1,1,1,1,1,1,1,1,1,1,1,1,1,1,1,1,1,1,1,1,1,1,1,1,1,1,1,1,1,1,NA,1,1,1,1,1,1,1,1,1,1,0,0,0,0,0,0,0,0,0,0,0,0,0,0,1,1,1,1,1,1,1,1,1,1,1,1,1,0,NA,0,0,0,1,0,0,0,0,0,1,0,1,1,0,0,0,0,0,NA,0,1,1,1,1,0
"3:165391450",0,0,NA,NA,NA,0,NA,0,NA,1,0,NA,1,0,NA,0,0,0,0,0,0,NA,NA,0,0,0,0,NA,1,0,NA,0,0,0,0,0,0,NA,NA,1,1,1,1,1,1,1,1,0,NA,0,0,NA,0,NA,0,0,0,0,0,0,0,0,0,0,0,0,0,0,0,NA,0,0,0,NA,0,0,0,NA,0,0,0,0,0,0,NA,0,NA,0,0,0,0,0,0,0,0,0,0,0,0,0,0,1,1,1,1,1,NA,1,1,1,1,1,1,1,1,1,1,1,1,1,1,1,NA,1,0,0,0,0,0,0,0,NA,NA,0,0,0,0,0,1,1,1,1,1,0,1,1,1,1,1,1,1,0,0,NA,0,0,1,NA,NA,NA,0,NA,0,NA,1,NA,NA,NA,0,0,0,0,0,1,1,1,1,0
"14:72463924",0,0,0,0,NA,NA,0,NA,0,0,0,0,0,NA,0,NA,0,0,0,0,NA,0,NA,0,0,0,0,NA,NA,NA,0,0,0,NA,NA,0,NA,NA,NA,0,0,0,NA,NA,0,NA,NA,0,0,NA,NA,0,1,NA,0,0,NA,NA,NA,NA,1,NA,NA,1,NA,NA,NA,NA,NA,NA,NA,NA,NA,NA,1,NA,NA,NA,0,NA,NA,NA,1,NA,1,0,NA,NA,NA,NA,NA,NA,0,1,NA,NA,NA,0,NA,NA,NA,1,NA,0,1,0,NA,NA,NA,NA,1,NA,NA,0,NA,0,1,NA,NA,0,NA,NA,NA,NA,NA,1,NA,NA,0,NA,NA,NA,0,NA,0,NA,0,NA,NA,NA,0,NA,NA,NA,NA,NA,NA,1,1,NA,0,NA,0,NA,NA,NA,NA,NA,1,NA,1,NA,NA,1,NA,NA,NA,1,NA,NA,NA,1,NA,0,NA,NA,NA,NA
"14:23076032",NA,0,0,0,0,0,NA,NA,0,0,0,0,0,0,NA,NA,0,NA,NA,0,0,0,NA,NA,NA,NA,NA,NA,NA,0,0,0,0,0,NA,NA,0,0,NA,0,0,0,NA,NA,NA,0,0,0,NA,NA,NA,NA,0,0,0,NA,NA,NA,NA,NA,NA,NA,NA,1,NA,NA,NA,NA,NA,0,NA,NA,NA,NA,NA,NA,NA,NA,NA,1,NA,NA,NA,0,NA,NA,NA,0,NA,0,0,NA,NA,1,NA,0,0,NA,0,NA,NA,NA,NA,NA,NA,0,NA,NA,NA,NA,NA,1,NA,0,NA,0,NA,NA,NA,0,NA,NA,0,0,NA,NA,NA,0,NA,0,0,NA,NA,0,NA,NA,NA,0,NA,NA,NA,NA,NA,0,NA,NA,0,0,1,0,NA,NA,NA,NA,1,NA,NA,NA,NA,0,NA,0,NA,NA,0,0,NA,NA,NA,NA,NA,0,NA,NA,1,NA,NA,0
"4:147046082",0,0,NA,0,NA,0,NA,0,0,0,0,0,0,0,0,0,0,NA,NA,0,0,0,0,0,NA,NA,NA,0,NA,0,0,NA,0,0,0,0,0,NA,0,NA,NA,0,0,0,0,0,0,0,NA,NA,NA,NA,NA,NA,NA,NA,NA,NA,0,NA,NA,1,0,NA,NA,1,1,1,0,NA,NA,1,NA,NA,NA,NA,1,NA,0,NA,NA,NA,NA,NA,NA,NA,0,NA,NA,NA,1,NA,0,1,NA,NA,NA,NA,NA,NA,NA,NA,NA,NA,NA,NA,0,NA,NA,NA,NA,NA,NA,NA,1,NA,NA,NA,NA,NA,NA,1,NA,NA,NA,NA,0,NA,NA,NA,NA,NA,NA,0,0,1,NA,NA,1,NA,1,NA,NA,NA,NA,1,NA,NA,NA,0,0,NA,NA,NA,1,0,NA,NA,NA,0,NA,NA,NA,0,NA,0,NA,1,NA,NA,1,NA,0,NA,NA,NA,NA,NA
"12:127212112",0,0,0,0,0,0,0,0,0,0,0,0,NA,0,0,0,0,0,0,0,0,0,0,0,0,0,0,0,0,0,NA,0,0,NA,0,0,0,0,0,0,NA,0,0,0,0,0,0,1,1,NA,1,0,1,NA,NA,NA,NA,0,1,NA,NA,0,NA,NA,NA,0,0,1,NA,NA,NA,1,NA,NA,0,0,NA,NA,NA,NA,NA,NA,0,0,NA,0,0,NA,1,NA,NA,0,0,1,NA,1,1,1,NA,1,NA,0,0,NA,NA,0,1,NA,NA,0,0,NA,NA,NA,1,0,NA,NA,NA,1,1,NA,0,NA,NA,NA,1,NA,NA,NA,0,NA,1,0,NA,NA,NA,0,NA,NA,1,NA,NA,0,0,NA,NA,NA,NA,1,NA,NA,0,0,0,NA,NA,NA,1,NA,NA,NA,NA,NA,NA,NA,NA,NA,NA,NA,NA,0,0,1,NA,NA,NA,NA
"6:19133164",NA,0,0,0,0,0,0,0,0,NA,0,0,0,0,0,0,0,0,0,0,0,0,0,NA,0,NA,NA,0,0,NA,NA,0,0,NA,0,0,0,0,0,0,0,0,NA,0,0,NA,0,NA,NA,NA,NA,NA,NA,0,0,NA,NA,NA,NA,NA,NA,NA,NA,1,NA,0,NA,NA,NA,NA,0,NA,NA,NA,NA,NA,NA,NA,NA,NA,NA,NA,NA,NA,NA,NA,NA,NA,NA,NA,0,NA,NA,1,NA,NA,NA,NA,0,NA,0,NA,NA,1,NA,0,1,0,NA,NA,NA,NA,NA,NA,NA,NA,NA,NA,0,NA,NA,NA,NA,1,NA,NA,NA,NA,1,0,NA,NA,NA,NA,NA,NA,NA,NA,NA,NA,NA,1,NA,NA,NA,NA,NA,NA,NA,NA,NA,NA,NA,0,NA,NA,NA,NA,1,NA,NA,NA,NA,0,NA,NA,NA,0,NA,NA,NA,0,NA,NA,NA,NA,NA,NA
"5:44824585",NA,0,0,0,NA,0,0,0,NA,0,0,NA,0,NA,0,0,0,0,0,0,NA,0,NA,0,0,0,NA,0,NA,0,NA,0,0,0,0,0,NA,0,NA,NA,0,NA,0,0,NA,NA,NA,NA,1,NA,NA,NA,NA,NA,NA,NA,NA,NA,NA,1,0,1,NA,1,NA,NA,1,NA,NA,NA,NA,NA,NA,0,NA,NA,NA,NA,NA,NA,NA,NA,NA,NA,NA,NA,NA,NA,NA,0,NA,NA,NA,0,NA,NA,NA,1,NA,NA,NA,NA,NA,NA,NA,NA,0,NA,NA,NA,NA,NA,NA,NA,NA,NA,NA,NA,NA,NA,NA,NA,NA,NA,NA,1,NA,NA,1,NA,NA,0,NA,NA,NA,NA,NA,NA,NA,NA,NA,NA,NA,NA,NA,NA,NA,NA,NA,0,NA,1,NA,NA,NA,NA,NA,NA,1,1,1,NA,NA,1,NA,NA,NA,NA,NA,NA,NA,NA,NA,1,NA,NA,1,1
"4:105675042",NA,0,NA,0,NA,NA,0,NA,NA,0,0,NA,0,0,0,NA,0,0,0,0,NA,0,NA,0,NA,0,NA,NA,0,NA,0,0,0,0,NA,0,0,NA,0,0,0,0,0,0,0,NA,NA,NA,0,NA,NA,NA,NA,NA,NA,NA,NA,NA,NA,1,NA,NA,NA,1,NA,NA,NA,NA,0,NA,1,1,0,NA,NA,NA,1,NA,NA,NA,NA,NA,NA,NA,NA,NA,0,NA,0,0,NA,NA,0,1,NA,NA,NA,NA,0,NA,NA,0,NA,NA,NA,NA,0,NA,NA,NA,NA,NA,NA,NA,NA,1,NA,NA,NA,0,NA,NA,NA,NA,NA,NA,NA,1,1,NA,0,NA,NA,NA,NA,NA,NA,NA,1,1,NA,NA,NA,NA,NA,0,NA,NA,NA,0,1,NA,NA,NA,1,NA,NA,1,1,0,NA,NA,NA,1,NA,NA,NA,0,NA,1,NA,NA,NA,1,NA,0,NA,NA
"6:101786148",NA,NA,NA,NA,NA,0,NA,0,NA,NA,0,NA,NA,0,0,0,0,NA,0,0,0,0,0,0,NA,NA,0,0,0,0,0,NA,0,0,0,0,0,0,0,NA,NA,0,NA,0,0,0,NA,NA,NA,NA,NA,0,NA,NA,NA,NA,NA,NA,NA,1,0,NA,NA,NA,1,NA,NA,0,NA,NA,1,NA,NA,NA,NA,NA,NA,NA,NA,NA,NA,NA,NA,NA,NA,NA,NA,NA,NA,NA,NA,NA,NA,1,NA,1,NA,1,NA,NA,0,NA,NA,0,NA,NA,NA,NA,NA,NA,NA,NA,NA,NA,NA,NA,NA,NA,NA,NA,NA,1,NA,NA,0,NA,NA,NA,NA,NA,NA,NA,NA,NA,NA,NA,NA,NA,NA,NA,NA,NA,0,NA,NA,NA,NA,NA,NA,NA,NA,NA,0,NA,NA,NA,NA,NA,NA,0,NA,NA,0,NA,NA,NA,NA,NA,NA,NA,NA,1,NA,1,NA,NA,NA,NA
"1:237810234",0,NA,NA,NA,NA,NA,0,0,0,1,NA,1,0,0,NA,0,0,NA,NA,NA,NA,0,0,0,0,0,NA,0,NA,NA,NA,0,0,0,0,0,0,0,0,NA,NA,0,0,0,0,NA,NA,0,0,0,0,0,0,0,0,0,NA,0,0,0,0,0,0,0,NA,0,1,NA,0,0,0,0,NA,0,0,0,0,NA,0,0,0,NA,0,0,0,NA,0,0,NA,0,0,0,0,0,0,NA,0,0,0,0,0,NA,0,NA,0,0,0,0,0,0,0,0,0,0,0,0,0,0,0,1,0,0,NA,0,0,0,0,0,0,NA,0,0,0,0,0,0,0,0,0,NA,NA,0,0,0,0,0,0,0,0,0,0,0,0,0,0,0,0,0,0,0,0,0,0,0,0,0,0,0,0,0,0,0,0,0,0,NA,0,NA
"20:31994424",0,0,0,0,0,1,1,NA,0,0,1,NA,0,0,0,0,1,0,0,0,0,0,0,0,0,0,0,0,0,0,1,0,0,0,0,0,0,0,0,NA,1,0,0,0,0,0,0,0,NA,0,0,NA,0,0,NA,NA,0,0,0,NA,0,0,NA,0,0,0,1,0,NA,0,0,NA,0,0,0,0,0,0,NA,0,0,1,0,0,NA,0,NA,NA,0,NA,0,0,0,0,NA,0,0,0,NA,0,NA,0,NA,NA,0,NA,NA,0,0,NA,0,0,0,NA,NA,0,0,0,0,1,0,NA,0,0,0,0,0,0,0,0,NA,0,0,0,0,0,0,0,0,NA,0,0,0,0,0,0,0,0,0,NA,0,0,NA,NA,0,NA,0,0,NA,0,0,NA,0,0,NA,0,0,NA,0,0,NA,NA,0,0,0,NA,0,0
"12:114519782",0,NA,0,0,0,NA,NA,NA,0,NA,0,0,0,0,0,0,0,NA,0,0,NA,NA,NA,NA,NA,NA,0,0,NA,0,0,0,0,0,0,NA,0,NA,NA,0,0,0,0,0,0,0,0,0,0,0,0,0,0,0,NA,0,0,0,0,0,0,0,0,0,0,0,1,0,0,0,0,0,0,0,NA,NA,0,0,0,1,0,0,0,0,0,0,1,0,0,0,0,0,0,0,0,0,0,0,0,0,0,0,0,0,0,0,0,0,0,0,0,0,0,0,0,0,0,0,0,0,0,0,0,0,0,0,0,0,0,0,0,0,0,0,0,0,0,0,0,NA,0,0,0,0,0,0,0,0,0,0,0,0,0,0,0,0,0,0,0,0,0,0,0,0,0,0,0,0,0,0,0,0,0,0,0,0,0,0
"5:132557831",0,NA,0,1,0,0,NA,NA,0,0,0,1,0,NA,0,0,NA,0,0,0,0,NA,0,0,0,NA,0,NA,0,NA,0,NA,0,1,0,0,0,0,0,0,NA,0,0,0,0,0,0,NA,NA,0,NA,0,0,NA,NA,0,0,NA,0,0,NA,0,0,0,NA,0,1,NA,0,NA,0,0,0,0,0,0,0,0,0,NA,0,0,0,0,NA,NA,0,0,0,0,NA,NA,0,0,NA,0,0,0,0,0,0,0,0,NA,0,0,0,0,0,0,0,0,0,NA,NA,NA,0,0,0,NA,0,NA,0,0,0,0,0,NA,0,0,0,0,0,0,0,0,0,0,0,0,0,0,0,0,0,0,0,0,NA,1,0,0,0,0,NA,NA,0,0,0,0,0,0,0,0,NA,0,0,0,0,0,NA,0,0,0,0,NA,0,0
"3:156899773",0,0,0,0,0,0,0,0,0,0,0,1,0,0,0,0,0,0,0,0,0,NA,0,0,0,0,0,0,0,0,0,0,0,0,0,0,0,NA,0,0,0,0,0,0,0,NA,0,0,0,0,0,0,0,0,NA,0,0,0,0,0,0,0,1,0,0,0,1,0,0,0,0,0,0,0,0,0,0,0,0,0,0,0,0,0,0,0,0,0,0,0,0,0,0,0,0,0,0,0,0,0,0,0,0,0,0,0,0,NA,1,0,0,0,0,0,NA,0,0,0,0,0,0,0,0,0,0,0,0,0,0,0,0,0,0,0,0,0,0,0,0,0,NA,0,0,0,0,0,0,0,0,0,0,0,0,0,0,0,0,0,NA,0,0,0,0,0,0,0,0,0,0,0,0,0,0,0,0,0,0,0
"4:142264596",0,0,0,0,0,0,0,0,0,0,0,1,NA,0,0,0,0,0,NA,0,0,0,0,0,0,0,0,0,0,0,0,0,0,0,0,0,0,0,0,0,0,0,0,0,0,0,0,NA,0,0,0,0,0,NA,NA,NA,0,NA,NA,NA,0,0,NA,0,0,NA,1,0,NA,0,0,0,NA,0,0,0,0,0,NA,0,0,0,NA,0,NA,NA,0,0,0,0,0,NA,0,0,0,0,0,0,NA,0,0,0,0,NA,0,NA,0,0,0,0,0,NA,0,NA,0,NA,NA,0,0,0,0,0,NA,0,0,0,NA,NA,NA,0,NA,0,0,0,0,0,0,0,NA,0,NA,NA,0,0,0,0,0,NA,0,NA,NA,0,0,0,0,0,0,NA,0,NA,0,0,0,0,NA,0,0,0,0,NA,NA,NA,1,NA,0,0,0,0
"9:120337974",0,0,0,0,0,0,0,0,0,NA,0,0,0,0,0,0,NA,0,0,NA,0,1,0,0,0,NA,0,NA,0,0,NA,0,0,0,0,0,0,0,NA,0,NA,0,0,0,0,0,0,0,0,0,0,0,0,0,NA,0,0,0,0,0,0,0,0,0,0,0,0,NA,0,1,0,0,0,0,0,0,0,0,0,0,0,0,0,0,0,0,0,0,0,0,0,0,0,NA,0,0,0,0,0,0,0,0,0,0,0,0,0,0,0,0,0,0,0,0,0,0,0,0,0,0,0,0,0,0,0,0,0,0,0,0,0,0,0,0,0,0,0,0,0,0,0,0,0,0,0,0,0,0,0,0,0,0,0,0,0,0,0,0,0,0,0,0,0,0,0,0,0,0,0,0,0,0,0,0,0,0,0,0
"1:229427254",NA,0,NA,NA,0,0,NA,NA,0,0,0,NA,0,0,0,0,NA,0,0,0,1,1,0,NA,0,0,0,NA,0,0,NA,0,0,0,NA,NA,NA,0,NA,0,0,0,0,0,0,NA,0,0,0,0,0,0,0,0,0,0,0,0,0,0,0,0,0,0,0,0,0,0,0,0,0,0,0,0,0,0,0,0,NA,0,0,NA,0,0,0,0,0,0,0,0,0,0,0,0,NA,0,0,0,0,0,0,0,0,0,0,0,0,0,0,0,0,0,0,0,NA,0,0,0,0,0,NA,0,0,0,0,NA,0,0,0,0,0,0,NA,0,0,0,0,0,0,0,0,0,0,0,0,1,0,0,0,0,0,1,1,0,0,0,0,NA,0,0,0,0,0,0,0,0,0,0,0,0,0,0,0,0,0,0,1,0
"9:4975762",NA,0,0,NA,NA,NA,0,0,NA,0,0,NA,0,NA,NA,NA,0,0,NA,0,1,1,NA,0,0,NA,0,0,NA,0,NA,NA,0,0,0,0,NA,NA,NA,0,NA,0,NA,NA,NA,NA,0,0,0,0,0,0,0,0,0,0,0,0,0,0,0,0,0,0,0,0,0,NA,0,0,0,0,NA,0,0,NA,0,0,0,0,0,0,0,0,0,0,0,NA,0,0,0,0,0,0,0,0,0,0,0,0,0,0,0,0,0,0,0,0,0,0,0,0,0,NA,0,0,0,0,0,NA,0,0,0,0,0,0,0,0,0,0,0,0,0,0,0,0,0,0,NA,0,0,0,0,0,0,0,0,0,0,0,0,1,1,0,0,0,0,0,0,0,0,0,0,0,0,0,0,0,0,0,0,0,0,0,NA,0,0,0
"8:48783183",NA,0,NA,0,0,0,0,0,0,NA,0,0,0,0,0,NA,0,NA,0,NA,1,1,0,0,0,NA,0,0,NA,0,0,NA,NA,NA,0,0,0,0,0,0,0,0,0,0,0,0,0,0,0,0,0,0,0,0,0,0,0,NA,0,0,0,0,0,0,0,0,0,0,0,0,NA,0,0,0,0,0,0,0,0,0,0,0,0,0,0,0,0,0,0,0,NA,NA,0,0,0,0,0,0,0,0,0,NA,0,0,0,0,0,0,0,0,0,0,0,0,0,0,0,0,0,0,0,0,0,0,0,0,0,0,0,0,0,0,0,0,0,0,0,0,NA,NA,0,0,0,0,0,0,NA,0,0,0,0,1,1,0,0,0,NA,0,NA,0,0,0,0,0,0,0,0,NA,0,NA,NA,0,0,0,0,0,0,0
"11:74157350",NA,NA,NA,0,0,0,NA,NA,NA,NA,0,NA,NA,NA,NA,0,0,0,0,0,1,1,NA,0,NA,NA,NA,0,0,NA,0,0,0,0,NA,0,0,0,0,0,0,0,0,0,NA,0,0,0,0,0,0,0,0,0,0,0,0,NA,0,0,0,0,0,0,NA,0,0,0,0,0,0,0,0,0,0,0,0,NA,0,0,0,0,0,0,0,0,NA,NA,0,0,0,0,0,NA,0,0,0,0,0,0,0,0,0,0,0,0,0,0,NA,0,0,NA,NA,NA,NA,0,0,0,0,0,0,0,0,0,0,0,0,0,NA,NA,0,0,0,0,0,0,0,NA,0,0,0,0,0,0,0,0,0,0,0,0,0,1,1,0,0,0,0,0,0,0,0,0,0,0,0,0,0,0,0,0,0,0,0,0,0,0,0,0
"7:123024049",0,0,0,NA,0,0,0,0,0,0,0,0,0,0,0,0,0,0,0,NA,1,1,0,0,0,0,NA,0,0,NA,NA,0,0,0,0,0,0,0,NA,NA,0,0,0,0,0,0,0,0,0,0,0,0,0,0,NA,0,0,0,0,NA,0,0,0,0,0,0,0,0,0,0,0,0,0,NA,0,0,0,0,0,0,0,0,0,0,0,0,0,0,0,0,0,NA,0,0,0,NA,0,0,0,0,0,0,0,0,0,0,0,0,0,0,NA,0,0,NA,0,0,0,0,0,NA,0,0,0,0,0,0,0,0,0,0,0,0,0,0,0,0,0,0,0,0,0,0,0,0,0,0,0,0,NA,0,0,1,1,NA,0,0,0,0,0,0,0,0,0,0,0,0,0,0,0,0,0,0,0,0,0,0,0,0
"16:15999605",0,1,1,0,1,0,NA,0,0,0,0,0,0,1,0,0,1,0,1,1,0,0,0,0,1,NA,1,0,0,0,0,0,0,0,0,NA,NA,1,NA,1,0,0,0,0,NA,1,0,1,0,0,0,0,1,NA,NA,NA,1,NA,NA,NA,0,NA,NA,0,NA,NA,0,1,NA,NA,0,NA,NA,0,0,0,NA,0,NA,0,0,1,NA,0,NA,NA,0,NA,0,NA,NA,0,NA,0,NA,0,0,NA,NA,0,NA,0,NA,NA,0,NA,NA,0,0,0,0,1,0,NA,0,NA,NA,0,1,NA,NA,NA,1,NA,NA,1,0,0,NA,0,0,0,0,NA,NA,0,0,0,NA,0,0,0,0,NA,NA,NA,0,0,0,0,0,1,0,NA,NA,0,0,NA,NA,0,0,1,NA,NA,1,NA,0,1,NA,0,0,NA,NA,NA,0,0,0,0
"16:15999613",NA,0,0,0,NA,NA,0,0,0,0,0,NA,NA,1,0,0,1,NA,0,0,0,0,0,0,NA,0,0,0,0,NA,0,0,0,0,0,0,0,0,NA,0,0,0,0,0,0,0,0,1,0,0,0,0,1,NA,NA,NA,0,NA,NA,NA,0,NA,NA,0,NA,NA,0,1,NA,NA,0,NA,0,0,0,0,NA,0,NA,0,0,0,NA,0,NA,NA,0,NA,0,NA,NA,NA,NA,0,NA,0,0,NA,NA,0,NA,0,NA,NA,0,NA,NA,0,0,0,0,0,0,NA,0,NA,NA,0,NA,NA,NA,0,1,0,NA,1,0,0,NA,0,0,0,0,NA,NA,0,0,0,NA,0,0,0,0,NA,NA,NA,0,0,0,0,1,1,0,NA,NA,0,0,NA,NA,0,0,NA,NA,NA,NA,0,0,0,NA,0,0,NA,NA,NA,0,0,0,0
"1:226475084",1,0,0,0,0,NA,0,0,0,0,NA,0,0,0,0,0,0,NA,NA,NA,NA,0,NA,NA,0,NA,0,0,0,0,0,0,0,0,0,0,0,0,0,0,0,0,0,NA,NA,0,0,0,0,0,0,NA,1,0,0,0,1,0,NA,0,1,1,0,0,0,1,NA,1,1,0,0,0,1,0,0,1,NA,NA,0,0,0,1,0,NA,1,0,1,0,0,1,0,NA,0,0,0,0,NA,1,1,0,0,0,0,0,0,NA,0,0,0,1,0,0,NA,NA,0,1,NA,0,0,0,NA,0,1,0,0,0,NA,0,0,0,0,0,0,1,0,NA,0,1,NA,0,0,NA,0,0,0,1,0,0,0,NA,NA,1,0,0,0,0,0,0,0,0,0,0,0,0,NA,NA,0,0,0,0,0,NA,0,0,0,0,0,0
"3:1144749",0,0,0,0,NA,0,0,0,0,0,NA,0,0,0,0,0,0,0,0,0,NA,0,0,0,0,0,0,NA,0,0,0,0,0,0,NA,0,0,NA,0,0,0,0,0,0,0,0,NA,1,0,0,1,NA,0,NA,1,NA,0,NA,1,1,0,0,0,0,1,1,1,1,1,1,NA,0,NA,0,0,1,NA,0,NA,NA,0,1,1,1,0,0,1,NA,0,1,1,0,NA,0,0,1,NA,0,0,0,0,1,0,1,1,1,0,0,0,0,0,0,NA,NA,0,1,1,0,0,0,0,1,1,0,1,NA,0,0,0,1,1,0,NA,1,0,0,0,0,1,0,0,NA,0,0,0,1,0,0,0,0,0,1,NA,NA,NA,1,1,0,1,NA,0,1,1,NA,1,NA,0,0,1,NA,NA,1,0,0,0,0,0,1
"17:1469640",0,0,0,0,0,0,0,0,0,0,0,0,0,0,0,0,0,0,0,0,0,0,0,0,0,0,0,0,0,0,0,0,NA,NA,0,0,0,0,0,0,NA,0,0,0,0,0,0,0,0,0,1,1,0,0,0,0,NA,0,0,NA,0,NA,NA,0,0,0,0,1,0,0,0,0,0,0,NA,0,0,0,1,0,0,0,0,0,0,0,0,1,1,1,NA,0,0,0,0,0,0,0,0,0,0,0,NA,1,0,1,1,0,0,0,1,0,0,1,0,0,0,0,0,NA,0,0,0,0,0,0,0,0,0,0,0,0,1,0,0,0,1,NA,1,0,NA,0,0,NA,NA,0,0,0,0,0,0,0,0,NA,0,0,1,NA,0,1,0,0,0,0,NA,0,NA,0,0,NA,0,0,0,1,0,0,0,0
"10:86855556",0,0,0,0,0,0,0,0,NA,0,0,0,NA,0,0,0,0,0,NA,NA,0,0,0,0,NA,0,0,0,0,0,0,0,NA,0,0,0,NA,0,0,0,0,0,NA,NA,0,NA,0,0,1,NA,NA,0,1,1,NA,NA,NA,NA,NA,1,NA,0,NA,0,NA,NA,NA,NA,NA,NA,NA,1,0,NA,NA,NA,NA,NA,NA,NA,NA,NA,NA,NA,0,NA,NA,NA,0,NA,1,NA,NA,NA,NA,NA,NA,NA,NA,NA,NA,NA,NA,0,NA,NA,1,NA,NA,NA,NA,NA,NA,0,NA,NA,NA,NA,NA,NA,NA,0,NA,0,1,NA,NA,NA,0,NA,NA,NA,NA,NA,1,NA,NA,0,NA,NA,NA,NA,NA,NA,NA,0,0,NA,NA,1,0,NA,0,NA,NA,NA,NA,0,NA,0,NA,NA,NA,NA,NA,NA,NA,NA,NA,NA,NA,0,NA,1,NA,NA,NA,NA
"5:124311688",NA,0,0,0,0,0,NA,0,0,0,NA,0,0,0,0,0,0,NA,0,0,0,0,0,0,0,0,0,0,0,0,0,0,0,NA,0,NA,1,0,1,0,NA,0,NA,NA,0,0,0,NA,0,0,0,NA,1,NA,NA,NA,NA,NA,NA,NA,0,NA,NA,NA,NA,NA,0,NA,NA,NA,NA,NA,0,NA,0,0,0,NA,NA,0,0,0,NA,0,NA,NA,NA,NA,NA,NA,0,NA,NA,0,NA,NA,NA,NA,NA,NA,0,0,0,0,0,NA,1,0,NA,NA,1,NA,0,NA,NA,NA,NA,NA,0,NA,NA,NA,NA,0,0,NA,0,NA,NA,0,0,0,0,0,NA,0,0,NA,1,NA,0,NA,NA,NA,0,0,NA,0,0,NA,0,NA,NA,NA,NA,0,0,NA,NA,NA,NA,NA,NA,NA,NA,NA,NA,NA,0,NA,NA,NA,NA,NA,0,NA,NA,0
"14:40570374",NA,0,1,0,NA,NA,1,0,0,NA,NA,0,0,NA,NA,0,0,0,0,0,NA,0,NA,0,1,1,0,NA,1,0,0,NA,0,0,0,NA,0,NA,0,NA,0,0,0,0,0,0,NA,0,0,NA,NA,NA,1,NA,NA,0,0,0,NA,0,0,NA,0,0,0,0,NA,NA,0,0,0,0,0,0,NA,NA,NA,0,0,NA,1,0,0,0,NA,NA,0,NA,1,0,0,0,0,0,0,0,0,NA,0,0,0,0,0,NA,NA,0,0,0,0,NA,0,0,NA,NA,0,NA,1,0,0,0,0,NA,0,0,1,1,NA,0,0,0,NA,0,0,0,1,0,0,1,0,1,0,0,0,0,0,NA,0,0,0,0,0,0,NA,1,NA,NA,0,0,NA,0,NA,0,NA,NA,NA,0,NA,NA,0,0,1,NA,1,0,NA,0,0,0
"21:27073735",NA,NA,0,1,0,0,0,0,0,1,1,0,NA,0,0,0,1,0,0,0,1,0,0,NA,0,1,NA,0,0,0,0,0,0,0,0,0,0,0,0,1,0,NA,NA,0,0,0,0,0,0,0,0,0,0,NA,0,0,0,0,NA,0,NA,NA,0,0,0,0,0,0,0,0,0,1,0,0,NA,0,0,0,0,0,0,0,1,0,0,0,0,0,1,NA,0,0,0,0,1,0,0,0,1,0,0,0,0,0,0,0,0,0,0,0,0,0,0,0,0,0,0,0,0,0,0,0,0,0,0,0,0,0,0,0,0,0,0,0,0,0,0,0,0,0,1,0,0,0,0,0,NA,0,0,0,0,0,NA,0,1,0,NA,0,0,NA,0,0,0,0,0,0,1,0,0,0,0,NA,0,0,0,0,0,0
"2:128376784",NA,NA,1,1,NA,0,1,0,NA,0,NA,0,NA,NA,NA,NA,NA,NA,NA,0,1,NA,1,NA,NA,0,0,0,NA,NA,NA,0,NA,NA,NA,NA,NA,NA,NA,1,NA,NA,NA,0,1,1,NA,NA,0,0,0,1,0,0,0,0,0,0,0,0,0,0,NA,NA,0,0,1,1,0,NA,NA,0,0,0,0,0,0,NA,0,1,0,NA,0,0,0,0,1,0,NA,NA,0,0,NA,0,NA,NA,NA,1,NA,0,0,0,NA,1,0,0,1,NA,NA,NA,NA,1,1,NA,0,0,NA,1,NA,0,0,NA,NA,0,0,0,0,1,1,NA,NA,1,0,0,0,NA,0,0,1,0,1,0,NA,NA,0,0,0,0,0,NA,0,0,0,NA,1,0,NA,0,0,NA,0,0,NA,1,NA,NA,1,0,NA,NA,0,0,NA,NA,NA,NA,0,1
"1:215545676",NA,1,0,1,0,NA,1,0,0,NA,NA,0,NA,0,0,0,1,1,1,NA,1,0,NA,1,1,1,1,0,0,0,0,0,0,0,0,0,NA,1,1,0,NA,1,0,0,1,1,0,0,0,0,1,NA,NA,NA,1,0,NA,0,NA,NA,NA,0,1,1,0,NA,NA,NA,NA,1,0,0,0,NA,0,1,0,0,0,0,0,0,0,0,NA,0,0,NA,1,NA,0,NA,NA,1,NA,0,0,0,1,NA,NA,NA,0,NA,1,NA,0,0,0,0,NA,0,1,1,NA,0,NA,0,0,NA,0,0,NA,NA,0,0,0,NA,0,NA,NA,NA,0,0,NA,1,0,NA,0,0,1,NA,0,NA,NA,0,0,0,0,NA,0,0,NA,NA,1,NA,0,0,NA,NA,0,1,NA,NA,NA,NA,NA,0,0,0,NA,NA,0,NA,NA,1,NA,1
"1:215545680",1,NA,0,NA,NA,1,1,0,0,NA,NA,0,0,0,0,0,1,NA,1,1,1,0,NA,1,NA,1,1,0,0,NA,0,0,0,0,0,0,0,1,NA,0,0,1,NA,0,1,NA,0,0,0,0,1,NA,NA,NA,NA,NA,NA,0,NA,NA,NA,NA,1,1,0,NA,NA,NA,NA,1,0,0,0,NA,0,1,0,0,0,NA,0,0,0,0,NA,0,NA,NA,1,NA,NA,NA,NA,1,NA,0,0,0,1,NA,NA,NA,0,NA,1,NA,0,0,0,0,NA,NA,1,1,NA,NA,NA,0,0,NA,0,0,NA,NA,0,0,0,NA,0,NA,NA,NA,0,0,NA,1,0,NA,0,0,1,NA,0,NA,NA,0,0,0,0,NA,0,0,NA,NA,1,1,0,0,NA,NA,0,1,NA,NA,NA,NA,NA,NA,0,0,NA,NA,0,NA,NA,1,NA,1
"8:37213628",0,0,NA,0,NA,0,0,0,0,0,0,NA,1,NA,0,0,1,0,1,NA,0,NA,0,NA,0,0,0,1,1,1,0,NA,0,0,0,0,0,0,0,1,NA,NA,0,NA,0,NA,NA,0,NA,NA,0,NA,0,NA,NA,0,0,0,NA,NA,0,0,0,0,0,0,0,0,0,0,0,0,0,0,0,NA,0,NA,0,0,0,NA,NA,0,0,0,NA,0,0,0,0,0,NA,0,0,0,NA,0,0,0,0,1,0,NA,0,0,NA,0,NA,1,0,NA,NA,0,0,0,NA,0,0,0,0,0,0,0,0,0,0,0,NA,0,0,NA,0,0,0,0,0,0,0,0,0,0,1,0,0,NA,NA,0,0,0,0,0,0,0,0,0,0,1,NA,NA,0,NA,1,0,0,0,0,0,0,0,0,0,0,0,0,0,0,0
"7:99557317",0,0,0,0,0,NA,0,0,0,0,0,0,0,0,1,NA,NA,NA,NA,0,0,NA,0,0,0,NA,0,0,0,1,0,NA,NA,0,1,0,1,NA,0,0,0,0,0,0,0,NA,0,NA,NA,0,NA,NA,NA,NA,NA,NA,0,0,NA,1,NA,0,NA,NA,NA,0,NA,NA,NA,NA,0,NA,0,NA,0,0,0,0,0,NA,NA,NA,NA,NA,NA,0,0,NA,0,NA,NA,0,NA,NA,NA,0,1,NA,NA,0,0,NA,0,NA,NA,NA,NA,NA,1,NA,0,NA,0,NA,NA,NA,NA,NA,NA,NA,0,NA,NA,NA,0,0,NA,0,1,NA,NA,1,NA,NA,1,NA,NA,NA,NA,NA,0,NA,0,NA,NA,0,NA,NA,0,NA,0,0,0,0,0,NA,0,0,NA,0,0,0,NA,NA,NA,NA,NA,NA,0,NA,NA,NA,NA,NA,0,0,NA,NA
"8:75091579",0,NA,0,0,0,0,0,0,0,0,0,0,0,0,0,0,NA,0,1,NA,0,0,NA,0,0,0,0,NA,NA,NA,NA,1,0,0,1,0,NA,0,0,1,0,0,NA,0,NA,0,0,1,0,0,0,NA,NA,NA,NA,0,0,NA,NA,0,0,0,0,0,0,0,0,0,NA,0,0,0,0,NA,NA,NA,0,NA,0,0,0,0,0,0,NA,0,0,NA,0,NA,0,0,0,0,0,0,0,0,0,NA,0,0,0,NA,0,0,NA,0,1,NA,0,0,0,NA,0,0,NA,0,0,0,0,NA,0,0,1,1,NA,1,NA,0,NA,0,0,0,0,0,0,0,0,0,0,NA,1,0,0,1,0,0,0,0,0,NA,NA,0,0,0,0,0,NA,NA,0,0,0,0,NA,0,0,NA,0,0,0,0,0,0,0,NA,0,NA
"8:75091565",0,NA,0,NA,1,0,0,0,0,0,0,0,0,0,0,NA,0,0,1,0,0,0,0,0,0,0,NA,0,NA,0,0,1,0,NA,1,0,0,0,0,1,0,NA,1,0,NA,NA,0,1,0,0,0,NA,NA,NA,NA,0,0,NA,NA,1,0,0,0,0,0,0,0,0,NA,1,0,0,0,NA,NA,0,0,0,0,0,0,0,0,0,NA,0,0,NA,0,NA,0,0,0,0,0,0,0,0,0,NA,0,NA,0,NA,0,0,0,0,1,NA,0,0,0,NA,0,NA,NA,NA,0,0,0,NA,0,0,1,1,NA,0,1,1,NA,0,0,0,0,0,0,0,0,0,0,NA,0,0,0,1,0,0,0,0,0,NA,NA,0,0,0,0,0,NA,0,0,0,0,NA,NA,0,0,0,0,0,0,0,0,0,1,0,0,0
"8:75091571",0,0,0,0,1,1,0,1,0,0,0,0,0,0,0,NA,0,0,1,1,0,0,NA,NA,0,NA,NA,1,0,NA,0,1,0,NA,1,0,0,0,NA,1,0,NA,1,0,0,NA,0,1,0,0,0,NA,NA,NA,NA,0,0,NA,NA,1,0,0,NA,0,0,0,0,0,NA,0,NA,0,1,NA,NA,0,0,NA,0,0,0,0,0,0,NA,0,0,NA,0,NA,0,0,0,0,0,0,0,0,0,NA,0,0,0,NA,NA,1,0,0,1,NA,0,0,0,NA,0,NA,NA,NA,0,0,0,NA,0,0,1,1,NA,1,1,1,NA,0,NA,0,0,0,0,0,0,0,0,NA,0,0,0,1,NA,0,0,0,0,0,NA,0,0,0,0,0,NA,0,0,0,0,0,NA,NA,0,0,0,0,0,0,0,0,1,0,0,0
"3:15696330",1,1,NA,NA,NA,NA,0,1,1,1,NA,NA,0,NA,NA,0,1,NA,1,NA,NA,0,1,0,NA,1,0,0,0,0,1,0,1,0,0,0,0,0,0,0,NA,0,1,0,1,0,0,0,0,1,0,0,NA,NA,0,0,1,0,0,NA,0,0,1,NA,0,0,0,0,0,0,1,0,NA,0,0,0,0,0,NA,0,NA,0,0,1,NA,NA,0,0,NA,0,0,0,0,NA,0,1,NA,0,1,NA,NA,0,0,0,0,0,NA,0,0,0,0,0,NA,NA,NA,0,NA,0,1,0,0,0,0,NA,0,1,0,NA,NA,NA,0,0,1,0,1,0,0,0,0,0,NA,NA,NA,0,1,NA,0,0,0,0,0,1,1,0,0,NA,0,0,0,NA,0,1,0,NA,NA,0,NA,1,1,1,1,0,0,1,NA,1,0,0
"4:7210008",1,1,1,0,0,0,0,0,NA,0,1,0,0,1,0,0,0,0,1,1,1,1,NA,1,1,0,0,0,NA,0,0,NA,1,1,1,1,NA,1,0,0,NA,NA,0,0,0,NA,0,NA,1,1,0,0,0,NA,0,0,NA,0,0,NA,0,0,0,0,NA,0,0,NA,0,0,0,0,0,0,NA,0,0,NA,NA,0,0,NA,NA,0,NA,NA,0,NA,0,NA,NA,0,0,NA,0,0,0,NA,0,0,0,0,0,NA,0,0,0,0,0,0,0,0,0,0,NA,0,0,0,0,NA,NA,NA,NA,0,0,1,NA,1,NA,1,1,1,1,1,1,1,0,1,0,0,0,0,0,0,NA,0,NA,NA,0,NA,0,1,1,NA,1,1,NA,1,NA,1,0,0,NA,0,NA,0,1,1,1,1,1,1,1,NA,0,0,NA,1
"2:87489743",0,1,1,NA,NA,0,NA,0,0,0,NA,1,1,NA,1,NA,NA,1,1,NA,0,NA,0,NA,NA,NA,NA,NA,NA,NA,NA,1,NA,NA,NA,1,NA,NA,1,NA,1,1,NA,1,1,1,NA,0,1,NA,NA,NA,NA,NA,0,0,1,NA,0,0,0,NA,0,0,0,1,1,0,0,NA,NA,0,0,0,1,NA,0,1,NA,NA,NA,0,NA,0,0,1,NA,0,NA,0,0,1,NA,0,0,NA,NA,1,0,NA,1,NA,0,0,0,0,0,0,0,NA,0,NA,NA,0,NA,1,1,NA,NA,NA,0,0,NA,NA,0,NA,NA,0,1,NA,NA,NA,0,0,NA,1,1,0,0,0,NA,1,0,NA,NA,NA,NA,NA,0,NA,1,0,0,NA,NA,0,0,NA,0,NA,0,1,1,NA,NA,1,1,1,1,0,NA,0,1,NA,1,1,0,0
"21:10835710",0,0,1,1,1,1,1,1,1,1,1,1,1,1,1,1,0,1,NA,0,1,0,1,1,1,1,0,1,1,1,1,1,NA,NA,0,0,1,1,1,1,1,1,1,1,1,1,1,NA,1,NA,NA,NA,NA,1,NA,NA,NA,NA,NA,1,NA,1,NA,NA,NA,NA,NA,NA,1,NA,0,NA,1,0,1,NA,NA,1,1,0,NA,NA,NA,NA,NA,0,NA,NA,1,NA,NA,NA,NA,1,1,NA,NA,0,NA,NA,NA,1,0,NA,0,NA,NA,0,1,1,1,NA,0,1,1,NA,NA,NA,0,1,1,NA,NA,NA,NA,NA,0,NA,NA,0,1,1,NA,1,0,0,0,0,NA,NA,NA,NA,NA,1,1,0,1,NA,NA,1,NA,NA,0,NA,1,NA,0,NA,NA,1,NA,NA,NA,NA,NA,1,NA,NA,NA,NA,NA,NA,0,1,1,NA,1,NA
"6:58774592",1,1,1,1,1,1,1,1,1,1,1,1,1,1,1,1,1,1,1,1,1,1,1,1,1,1,1,1,1,1,1,1,1,1,1,1,1,1,1,1,1,1,1,1,1,1,1,NA,1,0,1,1,1,0,NA,0,NA,0,1,1,NA,1,0,0,1,0,1,0,0,1,1,1,1,0,0,1,0,1,1,0,0,0,0,1,1,0,0,NA,0,NA,1,NA,1,1,NA,0,1,1,1,0,0,0,1,0,1,1,1,0,NA,0,0,0,1,1,0,1,1,0,1,1,1,0,1,NA,0,0,1,0,1,1,0,1,1,NA,1,1,0,0,NA,1,1,NA,0,0,1,1,0,1,0,0,0,1,1,1,1,1,0,1,NA,NA,0,0,0,1,1,1,NA,1,NA,NA,1,1,1,0,1,1,0,0
"15:24442433",0,1,1,1,1,1,1,1,1,1,1,1,1,1,1,1,0,1,1,1,1,1,1,1,1,1,1,NA,1,1,1,1,1,1,1,1,1,1,1,1,1,1,1,NA,1,1,1,NA,1,1,1,1,1,1,NA,1,0,1,0,1,1,NA,1,0,0,NA,1,0,1,1,1,0,1,NA,1,0,0,0,1,1,1,1,1,1,NA,1,1,1,1,1,0,1,1,0,1,1,1,1,0,0,0,1,1,NA,1,0,0,1,0,0,1,1,1,0,1,1,0,1,1,1,1,0,1,1,0,0,1,1,1,1,NA,0,NA,0,0,1,1,1,0,1,1,0,0,0,0,1,1,0,1,NA,1,1,1,NA,0,1,1,1,0,1,0,0,NA,NA,NA,1,1,1,1,0,1,1,NA,0,0,1,0,0
"16:46418425",1,1,1,1,NA,1,1,1,1,1,NA,1,1,NA,1,1,NA,1,1,1,NA,1,1,1,1,1,NA,1,1,1,1,1,1,NA,1,1,1,NA,1,1,NA,1,NA,1,1,1,1,0,1,NA,1,0,NA,NA,NA,1,1,NA,NA,NA,1,1,1,NA,NA,1,1,NA,1,NA,NA,1,NA,NA,NA,1,0,0,1,0,NA,NA,NA,0,NA,NA,0,NA,1,1,1,NA,0,1,1,1,1,NA,1,NA,1,NA,1,0,1,NA,1,NA,NA,1,1,NA,1,0,NA,NA,0,NA,1,0,1,0,1,0,0,0,0,1,1,1,1,1,1,NA,0,NA,1,NA,1,NA,1,0,0,NA,0,NA,0,1,1,0,NA,NA,NA,0,NA,NA,1,NA,1,0,NA,0,NA,NA,0,1,NA,1,NA,NA,0,0,NA,1,1,0,0,1
"8:8638790",1,1,0,NA,NA,0,1,0,0,1,1,NA,NA,1,1,1,NA,0,1,0,1,0,0,NA,NA,NA,1,0,1,NA,0,0,1,1,1,NA,1,0,0,0,0,NA,1,1,1,0,NA,NA,0,NA,0,NA,0,NA,NA,NA,1,NA,NA,NA,NA,0,NA,NA,0,NA,0,NA,NA,NA,1,NA,NA,0,NA,0,NA,1,NA,0,1,1,NA,NA,NA,0,0,NA,0,NA,NA,0,NA,0,NA,0,NA,NA,0,0,NA,0,1,NA,NA,NA,0,NA,NA,NA,0,NA,0,NA,NA,0,0,0,0,0,NA,0,NA,NA,0,0,NA,0,NA,NA,0,0,NA,0,1,NA,NA,NA,1,NA,NA,1,0,NA,0,1,0,1,1,NA,NA,0,NA,0,NA,NA,0,0,NA,NA,0,0,1,NA,NA,0,0,NA,1,NA,NA,NA,0,NA,0,0,NA,NA
"10:107557138",1,1,1,1,1,1,1,1,1,1,1,1,1,1,1,1,1,1,1,1,1,1,1,1,1,1,1,1,1,1,1,1,1,1,1,1,1,1,1,1,1,1,1,1,1,1,1,1,NA,1,0,0,0,0,0,0,NA,NA,NA,0,NA,0,1,NA,NA,1,1,0,0,1,1,0,0,NA,0,0,1,0,0,0,0,0,0,NA,0,NA,0,0,1,1,0,0,NA,NA,0,0,0,1,1,0,NA,0,1,1,NA,0,0,0,0,1,0,0,0,0,0,0,0,0,NA,NA,NA,NA,0,0,1,0,0,0,NA,0,0,0,NA,1,1,0,0,0,0,0,NA,0,0,1,1,0,0,1,NA,1,0,0,1,0,0,0,1,NA,0,0,0,NA,NA,0,0,0,0,0,NA,0,0,0,0,0,1,0,0,1
"1:64648949",1,1,1,1,1,1,1,1,1,1,1,1,1,1,1,1,1,1,1,1,1,1,1,1,1,1,1,1,1,1,1,1,1,1,1,1,1,1,1,1,1,1,1,1,1,1,1,0,0,0,NA,NA,0,1,NA,NA,0,0,NA,0,NA,0,0,0,NA,0,0,0,0,NA,0,0,NA,NA,0,0,0,0,0,0,0,0,0,0,NA,0,NA,0,NA,NA,1,NA,NA,0,0,0,0,0,1,0,NA,NA,0,0,0,0,0,0,0,0,0,0,0,NA,NA,0,0,0,1,0,0,0,0,1,NA,NA,0,0,0,0,0,0,0,NA,1,0,0,0,0,0,NA,NA,NA,NA,0,0,0,1,0,NA,0,0,1,NA,0,1,0,NA,NA,0,0,NA,NA,NA,NA,1,NA,0,0,0,NA,NA,0,NA,NA,0,0,0
"1:2021487",1,NA,1,1,1,1,1,NA,1,1,1,1,1,1,1,1,1,1,1,1,1,1,1,1,NA,0,NA,1,NA,1,NA,1,NA,1,1,1,1,1,NA,1,1,1,1,1,1,1,NA,NA,0,0,1,0,0,0,NA,NA,NA,0,0,0,NA,0,0,0,0,0,0,0,0,0,NA,0,0,NA,0,0,0,NA,NA,0,NA,0,0,0,0,0,NA,NA,0,NA,0,0,0,0,0,0,0,0,0,0,NA,NA,0,NA,NA,0,0,0,0,0,NA,0,0,NA,0,0,NA,0,0,0,0,0,0,NA,0,0,0,0,0,NA,0,NA,0,0,0,0,0,0,0,0,NA,0,0,NA,0,0,0,0,0,0,0,0,0,0,0,0,0,0,0,0,NA,0,0,0,NA,0,NA,0,0,0,0,NA,0,0,NA,0,NA,0
"7:1919726",1,1,1,1,1,1,1,1,1,1,1,1,1,1,1,1,1,1,1,1,1,1,1,1,1,1,1,1,1,1,1,1,1,1,NA,1,1,1,1,1,1,1,1,1,1,1,1,0,NA,0,0,NA,NA,0,NA,0,0,NA,0,0,NA,NA,0,0,0,0,0,NA,0,NA,0,0,0,0,NA,0,0,0,NA,0,0,0,NA,NA,NA,NA,NA,NA,0,0,NA,0,1,NA,0,NA,0,NA,0,0,0,0,NA,NA,0,NA,0,0,0,NA,0,0,0,0,NA,NA,NA,0,0,0,0,NA,0,NA,0,0,0,0,0,0,0,NA,0,NA,0,0,0,NA,NA,NA,0,NA,0,0,0,0,0,0,0,0,0,NA,0,0,NA,0,NA,0,NA,0,0,0,0,0,NA,0,NA,0,NA,NA,0,NA,0,NA,0,NA,0,0
"7:4176751",NA,1,1,1,1,1,1,NA,1,1,1,1,1,1,1,1,1,1,1,1,1,1,1,NA,1,NA,1,NA,1,1,1,1,NA,1,1,1,1,1,1,NA,1,1,1,1,1,NA,NA,0,0,0,NA,0,0,NA,NA,NA,NA,0,0,0,0,0,0,0,0,NA,NA,0,0,0,0,0,NA,0,0,0,0,0,NA,0,NA,NA,0,NA,NA,0,0,NA,0,0,NA,0,NA,NA,0,0,0,0,0,0,NA,0,0,0,0,0,0,NA,NA,0,0,0,NA,NA,NA,0,0,0,0,NA,0,NA,0,NA,0,0,0,0,0,0,0,0,NA,0,0,0,NA,0,0,NA,0,0,0,0,0,NA,0,0,0,NA,0,0,NA,0,NA,1,0,NA,NA,0,NA,0,0,NA,0,0,0,NA,0,0,0,NA,0,0,0,0,0,0
"4:16851396",1,NA,1,1,1,1,1,1,1,1,NA,1,1,1,1,1,1,NA,1,1,NA,1,1,1,1,1,NA,1,1,1,1,1,1,1,1,NA,1,1,1,1,1,1,1,NA,1,NA,1,0,0,0,NA,NA,0,0,NA,NA,0,0,NA,0,NA,0,0,0,0,0,0,0,0,0,0,0,0,0,0,0,0,0,0,0,NA,0,0,0,0,0,0,0,0,0,0,0,0,0,0,0,0,0,NA,0,0,NA,0,0,0,0,0,0,0,0,0,NA,NA,0,NA,0,NA,0,NA,NA,0,NA,0,NA,0,0,0,0,0,0,0,0,NA,0,0,0,0,0,NA,NA,0,0,0,NA,0,0,0,1,0,0,NA,0,0,0,0,NA,NA,0,0,0,0,0,NA,0,NA,0,0,0,0,NA,0,0,0,0,0,0,0,0
"10:14062788",1,1,1,1,1,1,1,1,1,1,1,1,1,1,1,1,1,1,1,1,1,1,1,1,1,1,1,1,1,1,1,1,1,1,1,1,1,1,1,1,1,1,1,1,1,1,1,0,0,0,0,0,0,0,0,0,0,0,0,0,0,0,0,0,0,0,0,0,NA,0,0,0,0,0,0,0,0,0,0,0,0,0,0,0,0,0,0,0,0,0,0,0,0,0,NA,0,0,0,0,0,0,0,0,0,0,0,0,0,NA,NA,0,0,0,0,0,NA,0,NA,NA,0,0,0,0,NA,0,0,0,0,0,0,0,0,0,1,0,0,0,0,0,0,0,0,0,0,0,0,0,NA,0,0,0,0,0,0,0,0,NA,0,0,0,1,0,NA,0,NA,0,0,NA,0,0,NA,0,0,0,0,0,NA,0
"19:19043929",1,1,1,1,1,1,1,1,1,1,1,1,1,1,1,1,1,1,1,1,1,1,1,1,1,1,1,1,1,1,1,1,1,1,1,1,1,1,1,1,1,1,1,1,1,1,1,0,0,0,0,0,0,0,0,0,0,0,0,NA,0,0,0,0,0,0,0,0,0,0,NA,NA,0,0,0,0,0,0,NA,0,NA,0,0,0,0,0,NA,0,NA,0,0,0,0,0,0,NA,0,0,0,0,0,0,0,0,0,0,0,0,0,0,NA,0,0,0,0,0,NA,0,0,0,0,0,0,0,0,0,0,0,0,0,0,0,0,0,0,0,0,0,0,0,0,0,0,0,0,0,0,0,0,0,0,0,0,NA,NA,0,0,0,0,0,NA,0,0,0,0,0,0,0,0,0,NA,0,0,0,0,0,0,0
"2:193330882",1,1,1,1,1,1,1,1,1,1,1,1,1,1,1,1,1,1,1,1,1,1,1,1,1,1,1,1,1,1,1,1,1,1,1,1,1,1,1,1,1,1,1,1,1,1,1,0,0,0,0,0,0,NA,NA,0,0,0,0,0,0,0,0,0,0,0,0,0,0,0,0,NA,0,0,0,0,0,0,0,0,0,0,0,0,0,0,0,0,0,0,0,0,0,0,0,0,0,0,0,0,0,0,0,0,0,0,NA,0,0,0,NA,0,0,0,0,0,0,0,NA,0,NA,0,0,0,0,0,0,0,0,0,0,0,0,NA,0,0,0,NA,0,0,0,0,0,0,0,0,0,0,0,0,0,0,0,0,0,0,0,0,0,0,0,0,0,0,0,NA,0,0,0,0,0,0,0,0,0,NA,0,0
"16:77822856",1,1,1,1,1,NA,1,1,1,1,1,1,0,1,1,1,NA,NA,1,NA,0,0,1,1,1,1,1,1,1,1,1,1,1,1,1,0,1,NA,1,1,1,1,1,1,1,1,1,NA,NA,0,NA,0,0,NA,NA,0,0,0,NA,NA,0,0,NA,0,0,0,0,0,0,NA,0,0,0,NA,0,0,NA,NA,NA,NA,0,0,0,0,NA,0,NA,NA,0,0,NA,0,0,NA,0,NA,0,0,NA,0,0,0,0,0,0,0,1,0,0,0,NA,NA,0,NA,0,NA,NA,0,0,1,0,NA,0,0,0,NA,NA,0,NA,0,NA,0,NA,0,NA,NA,0,0,0,0,NA,0,0,NA,0,0,0,0,0,NA,0,NA,NA,NA,0,0,0,NA,NA,0,NA,NA,0,0,NA,0,NA,0,NA,NA,0,NA,NA,0,NA,0,NA,0
"7:155716731",NA,NA,1,1,1,1,1,1,1,NA,1,NA,0,NA,1,NA,1,1,1,NA,1,1,1,NA,1,1,1,1,NA,0,NA,NA,1,1,NA,NA,1,1,1,1,1,1,1,1,1,1,1,0,NA,NA,0,0,0,NA,NA,NA,0,0,0,NA,0,0,0,NA,0,NA,NA,0,0,0,NA,NA,0,0,0,0,0,0,0,0,0,NA,0,0,NA,0,NA,0,0,0,NA,0,0,0,0,NA,NA,0,0,0,0,NA,0,NA,0,0,NA,0,0,NA,NA,0,NA,NA,NA,0,0,0,0,0,0,0,0,0,0,0,NA,0,0,0,NA,NA,0,0,NA,0,0,0,0,0,0,0,0,0,0,0,0,0,0,NA,0,0,0,0,0,0,0,0,0,0,NA,0,NA,NA,NA,0,NA,0,0,0,NA,NA,0,0,0,0,0,NA
"2:17067074",0,0,0,NA,0,0,0,0,0,0,0,0,0,1,1,1,1,NA,NA,0,0,1,0,0,0,0,0,0,0,NA,0,NA,1,NA,1,1,0,1,1,1,1,0,1,0,0,0,0,0,1,0,0,0,0,0,NA,NA,1,NA,NA,NA,NA,NA,0,0,NA,0,1,NA,NA,0,NA,0,NA,NA,0,0,NA,0,NA,NA,0,0,0,0,NA,NA,NA,0,0,NA,NA,0,NA,1,NA,NA,0,1,NA,NA,0,0,NA,NA,0,NA,NA,0,0,NA,NA,NA,1,1,0,0,0,1,0,0,NA,NA,0,0,NA,NA,1,NA,0,0,NA,NA,1,0,NA,1,NA,NA,1,0,0,NA,NA,NA,0,0,NA,NA,0,NA,0,0,0,1,0,0,0,NA,NA,0,0,0,NA,NA,NA,NA,NA,0,0,0,0,0,0,NA,NA,0,NA,0
"8:340750",0,0,0,1,NA,0,NA,0,0,NA,0,0,0,0,0,1,0,1,0,0,0,1,0,1,1,0,1,1,0,0,0,NA,1,0,0,0,NA,1,NA,NA,0,0,1,NA,NA,NA,0,0,1,0,0,0,0,0,0,1,0,0,1,1,0,0,0,0,0,0,0,0,0,0,1,0,0,0,0,0,NA,0,0,1,0,NA,0,0,1,1,1,0,0,0,0,0,0,NA,0,0,0,0,0,0,0,0,1,0,0,NA,NA,0,0,1,0,0,NA,0,0,1,NA,0,NA,0,1,0,0,0,0,1,0,0,1,NA,0,NA,0,1,NA,1,0,1,0,0,0,0,1,0,0,0,0,0,0,0,0,0,0,1,1,1,1,0,0,1,NA,0,0,0,NA,0,0,0,0,0,0,0,0,0,0,NA,0,0
"11:114194645",1,NA,0,0,NA,NA,1,0,NA,0,0,0,0,1,1,0,0,1,0,0,0,0,0,0,0,1,0,1,1,0,1,0,1,0,1,0,0,1,0,0,0,0,1,0,NA,NA,NA,0,1,1,0,0,1,0,0,0,0,1,0,0,0,0,0,0,0,0,0,0,0,0,0,0,0,0,1,0,0,0,NA,NA,NA,0,0,0,0,0,1,0,NA,NA,0,0,0,0,0,0,0,0,0,0,0,1,1,0,0,0,0,NA,0,0,0,0,0,NA,0,0,0,0,0,0,1,0,NA,1,1,1,0,0,0,0,0,1,0,1,0,1,0,0,0,0,0,0,0,0,0,0,0,0,0,1,1,0,0,0,0,0,0,0,0,0,0,0,0,NA,0,NA,1,0,0,0,0,0,0,0,0,0,0,0
"4:1265990",NA,NA,NA,NA,NA,NA,1,0,1,0,1,0,0,NA,1,NA,1,0,NA,0,1,0,NA,1,NA,0,NA,NA,1,NA,0,1,1,NA,NA,NA,NA,0,NA,NA,NA,0,1,1,NA,0,0,0,1,1,0,NA,0,NA,NA,0,0,0,0,0,NA,0,0,1,1,1,0,NA,NA,NA,1,NA,0,0,0,0,0,0,NA,NA,NA,1,NA,0,0,0,0,NA,1,NA,0,0,0,NA,NA,NA,0,NA,1,NA,1,0,0,NA,0,NA,0,0,NA,1,NA,0,0,NA,0,0,0,0,0,NA,0,1,0,0,0,1,0,1,0,NA,0,NA,NA,NA,0,NA,NA,0,0,0,0,0,0,0,0,0,0,0,0,0,1,NA,NA,0,0,0,1,0,0,NA,NA,0,0,NA,1,0,1,0,0,0,NA,NA,0,NA,1,NA,NA,1
"1:64805023",NA,NA,0,NA,NA,0,0,0,0,0,0,0,0,0,0,NA,0,0,NA,0,0,0,0,0,0,0,0,0,0,0,0,0,0,0,0,0,NA,0,0,0,NA,0,NA,0,NA,NA,0,NA,NA,NA,1,NA,NA,NA,NA,0,NA,1,0,NA,NA,NA,NA,NA,NA,1,NA,NA,NA,NA,NA,NA,NA,NA,NA,NA,NA,NA,NA,NA,NA,NA,NA,NA,NA,NA,NA,NA,NA,NA,NA,1,NA,NA,NA,0,NA,NA,NA,NA,NA,NA,NA,NA,NA,NA,0,NA,NA,NA,NA,NA,NA,NA,NA,NA,NA,NA,0,NA,NA,NA,NA,NA,0,NA,NA,NA,NA,NA,0,NA,NA,NA,NA,NA,NA,0,NA,NA,1,NA,0,NA,NA,NA,NA,NA,NA,NA,NA,NA,NA,NA,NA,NA,NA,NA,NA,NA,NA,NA,NA,NA,NA,NA,0,NA,NA,NA,NA,NA,NA,NA,NA,NA,NA,NA
"10:87231122",0,0,0,0,0,0,0,0,0,0,NA,0,0,0,0,0,NA,0,0,NA,NA,0,0,0,0,NA,0,0,NA,0,NA,0,0,0,0,0,0,0,NA,0,0,NA,0,0,0,0,0,0,NA,NA,NA,1,NA,NA,NA,NA,0,NA,NA,NA,1,NA,NA,1,NA,NA,NA,0,NA,NA,NA,NA,NA,NA,NA,NA,NA,0,1,1,NA,1,1,NA,0,NA,0,0,NA,0,0,NA,NA,1,NA,NA,NA,NA,NA,NA,NA,NA,NA,0,NA,0,NA,0,NA,NA,NA,NA,NA,NA,NA,NA,NA,NA,NA,NA,NA,1,NA,NA,0,0,NA,NA,NA,0,NA,NA,NA,NA,1,NA,0,NA,1,1,NA,NA,NA,1,0,NA,1,0,NA,NA,NA,NA,NA,0,NA,NA,NA,0,0,NA,0,1,0,NA,NA,NA,NA,NA,NA,NA,NA,1,NA,NA,NA,NA,NA,NA
"1:187501175",NA,NA,NA,NA,NA,NA,0,NA,NA,NA,NA,NA,NA,NA,NA,NA,NA,0,0,NA,0,NA,NA,NA,0,NA,NA,0,NA,0,NA,NA,NA,NA,0,NA,NA,NA,NA,NA,0,NA,0,0,NA,NA,NA,0,NA,1,0,1,1,0,NA,NA,NA,NA,NA,0,1,NA,0,1,1,NA,NA,1,1,0,0,1,0,NA,0,NA,NA,0,NA,0,1,NA,NA,1,1,0,1,0,NA,0,0,1,1,NA,1,1,1,1,NA,NA,NA,0,NA,NA,1,NA,0,0,0,1,1,1,NA,NA,1,0,0,NA,1,1,0,0,NA,0,NA,1,1,0,0,1,1,1,1,1,NA,1,NA,1,NA,1,0,0,0,NA,1,1,1,1,1,0,NA,NA,1,NA,1,NA,NA,0,NA,NA,NA,1,1,NA,0,0,NA,0,NA,NA,NA,NA,1,0,NA,NA,1,0
"6:19133168",0,0,NA,0,0,NA,0,NA,0,0,0,0,0,0,0,0,0,0,0,0,NA,0,0,0,NA,NA,NA,0,0,0,0,0,0,NA,NA,0,NA,0,0,NA,0,NA,NA,0,0,NA,0,NA,NA,NA,NA,NA,NA,0,NA,NA,NA,NA,0,NA,1,NA,NA,1,NA,NA,NA,NA,NA,NA,0,NA,NA,NA,NA,NA,NA,1,NA,NA,NA,NA,NA,1,NA,NA,NA,NA,NA,NA,0,NA,1,NA,NA,NA,NA,NA,NA,NA,NA,0,NA,NA,NA,NA,0,0,NA,NA,NA,NA,NA,NA,NA,NA,NA,NA,NA,NA,NA,NA,NA,NA,NA,NA,NA,NA,NA,NA,NA,NA,NA,NA,NA,NA,1,NA,1,NA,NA,NA,NA,1,NA,NA,NA,NA,NA,NA,NA,NA,1,NA,NA,NA,NA,NA,1,1,NA,NA,NA,0,NA,NA,NA,NA,NA,NA,NA,0,NA,NA,NA,NA,1,1
"11:11967838",0,0,0,0,0,0,NA,NA,0,0,0,0,NA,NA,0,NA,NA,0,0,NA,0,0,0,0,0,0,0,0,0,0,NA,0,NA,0,0,0,0,0,0,NA,0,NA,0,0,NA,NA,0,1,NA,NA,NA,1,1,NA,0,0,0,NA,0,0,NA,1,NA,0,0,NA,0,NA,NA,NA,0,NA,1,0,1,NA,NA,1,0,NA,NA,0,0,NA,NA,1,1,NA,1,NA,1,1,NA,NA,NA,NA,1,NA,1,NA,NA,1,1,0,0,1,1,NA,NA,NA,NA,0,NA,NA,0,0,0,1,NA,0,NA,1,NA,NA,NA,1,1,0,1,NA,NA,NA,NA,0,NA,1,NA,0,1,NA,0,0,1,1,1,1,1,NA,1,NA,1,NA,0,NA,0,NA,NA,0,1,1,NA,1,1,0,1,NA,1,1,NA,1,NA,0,1,NA,NA,1,0,NA
"11:125120133",0,0,0,NA,NA,0,0,NA,0,NA,NA,NA,0,0,0,NA,0,NA,0,1,0,0,NA,NA,1,NA,NA,NA,0,0,0,0,NA,NA,NA,NA,NA,NA,0,1,NA,NA,0,NA,0,NA,NA,0,NA,NA,NA,1,1,NA,1,NA,0,NA,0,NA,NA,NA,NA,NA,NA,1,NA,NA,NA,NA,1,NA,1,NA,NA,NA,NA,1,NA,NA,NA,NA,1,NA,1,NA,1,NA,1,1,NA,NA,0,1,1,1,1,1,NA,0,NA,NA,NA,0,NA,1,0,0,NA,NA,0,NA,NA,NA,NA,0,NA,NA,NA,NA,0,NA,NA,NA,1,0,1,NA,NA,NA,NA,NA,NA,NA,1,NA,NA,NA,1,NA,1,NA,NA,NA,0,0,NA,NA,NA,NA,0,1,NA,NA,NA,1,NA,1,NA,1,NA,0,NA,NA,NA,NA,0,1,NA,NA,1,NA,NA,NA,0,1,NA,NA
"1:182451914",NA,NA,0,0,NA,NA,0,0,0,0,0,NA,0,0,0,0,0,0,0,0,0,0,NA,0,0,0,0,0,NA,0,0,0,0,0,0,1,NA,0,NA,0,0,NA,0,0,0,0,0,0,0,0,0,NA,0,0,NA,NA,0,NA,NA,NA,NA,0,0,0,0,0,0,NA,NA,0,0,NA,NA,0,0,0,0,0,NA,0,0,NA,0,0,0,0,0,0,0,0,0,NA,0,NA,0,0,0,0,0,0,0,0,0,0,NA,0,NA,0,NA,0,0,NA,0,NA,0,0,NA,0,0,0,0,NA,0,0,0,NA,0,0,0,0,0,0,0,0,0,0,0,0,0,0,0,0,0,0,0,1,1,0,NA,0,0,0,NA,NA,0,0,NA,0,NA,0,0,NA,0,0,1,NA,0,NA,0,0,NA,NA,0,0,0,0,0,0
"3:137639858",NA,0,0,0,0,0,0,0,0,0,NA,0,0,NA,0,0,0,0,0,0,0,0,NA,0,0,0,NA,0,0,0,0,0,NA,0,0,0,0,0,0,0,0,0,0,0,0,0,NA,NA,0,0,0,NA,0,0,NA,NA,0,0,0,0,0,0,0,0,0,0,0,NA,0,1,NA,0,0,0,0,0,0,0,0,0,0,0,0,NA,0,NA,0,0,0,NA,0,NA,0,0,0,0,0,0,NA,0,0,0,0,0,0,0,NA,0,NA,0,0,0,0,NA,0,0,NA,0,0,NA,0,0,0,0,0,0,NA,0,0,0,0,0,0,0,0,0,0,0,0,0,0,0,0,0,0,1,1,0,0,0,0,0,0,NA,NA,0,0,0,NA,0,0,0,0,0,0,0,0,0,0,0,NA,0,0,0,0,0,0,0
"3:178760131",0,1,NA,NA,0,NA,0,NA,NA,NA,NA,NA,0,0,NA,NA,NA,NA,NA,0,NA,NA,NA,0,0,NA,NA,0,NA,NA,0,NA,0,0,NA,0,NA,0,0,0,NA,0,0,NA,0,NA,0,0,0,0,0,0,0,0,0,0,0,0,0,0,0,0,0,0,0,0,0,0,0,NA,0,0,0,0,0,0,0,0,0,0,0,0,0,0,0,0,0,0,0,0,0,0,0,0,0,0,0,0,0,0,0,0,0,0,0,0,0,NA,0,0,0,0,0,NA,0,0,0,0,0,0,0,0,0,0,NA,0,0,0,0,0,0,0,0,0,0,0,0,0,0,0,0,0,0,0,0,1,1,0,0,0,0,0,0,0,0,0,0,0,0,0,0,0,0,0,0,0,0,0,0,0,0,0,0,0,0,0,0,0
"1:162640873",0,0,NA,0,NA,0,0,0,0,0,0,0,0,0,0,NA,0,NA,0,0,NA,NA,NA,NA,NA,0,0,0,0,0,0,NA,0,0,0,0,0,0,0,1,1,1,0,1,0,0,0,NA,0,0,0,0,0,0,0,0,0,0,0,0,0,0,0,0,0,0,0,0,0,0,0,0,0,0,0,0,0,0,0,0,0,0,0,0,0,0,0,0,0,0,0,0,0,0,0,0,0,0,0,0,0,0,0,0,0,0,0,0,0,0,0,NA,0,0,0,0,0,0,0,0,0,0,0,0,0,0,0,0,0,0,0,0,0,0,0,0,0,0,0,NA,0,0,0,0,0,0,0,1,0,0,0,0,0,0,0,0,0,0,0,0,0,0,0,0,NA,0,0,0,0,0,0,0,0,1,0,0,0,0
"17:14567285",NA,NA,NA,NA,NA,0,NA,NA,NA,NA,NA,NA,NA,0,0,NA,NA,NA,NA,NA,NA,NA,NA,NA,NA,NA,NA,NA,NA,0,NA,NA,NA,0,NA,NA,NA,NA,NA,NA,NA,1,NA,1,NA,NA,NA,0,0,0,0,0,NA,NA,0,NA,0,0,0,0,0,0,0,0,0,0,0,0,0,0,0,0,0,0,0,0,0,NA,0,0,0,0,0,0,0,0,0,0,0,0,0,0,0,0,NA,0,0,0,NA,0,0,0,0,0,0,0,0,0,NA,NA,0,0,0,0,0,0,0,0,0,0,0,NA,NA,0,0,0,0,0,0,NA,0,0,NA,NA,0,0,0,0,0,0,NA,0,0,0,0,0,0,0,NA,0,0,0,0,0,0,0,NA,0,0,0,0,0,0,0,0,0,0,0,0,0,0,0,0,1,0,0,1,NA
"3:106371974",0,0,NA,0,0,NA,0,0,0,0,0,0,0,NA,0,0,0,NA,0,0,NA,0,0,0,0,0,0,0,0,0,NA,NA,0,0,0,NA,0,NA,NA,0,NA,1,NA,1,0,0,NA,0,NA,0,0,0,0,0,0,0,NA,0,0,0,0,0,0,0,0,0,0,0,0,0,0,NA,0,0,0,NA,0,0,0,0,0,0,0,0,0,0,0,0,0,0,0,0,0,0,NA,0,0,0,0,0,0,0,0,0,0,NA,0,0,0,0,NA,0,0,0,0,0,0,0,0,0,0,0,0,0,0,0,0,0,0,0,0,0,0,0,0,0,0,0,0,0,0,0,NA,0,0,0,0,0,0,NA,0,0,0,0,NA,0,0,0,0,0,0,0,0,0,0,0,0,0,0,0,0,0,0,1,0,0,0,0
"17:25379415",0,0,0,NA,0,0,NA,NA,NA,0,0,0,0,1,NA,0,0,0,0,0,0,0,0,0,NA,0,NA,0,NA,NA,1,NA,0,0,0,0,0,0,0,NA,NA,0,0,0,0,0,NA,NA,0,0,NA,0,0,0,0,0,0,0,0,0,0,0,0,0,0,0,0,0,0,0,0,NA,0,0,0,0,NA,0,0,NA,0,0,NA,0,0,0,0,NA,0,0,NA,0,0,0,0,0,0,0,0,0,NA,0,0,0,NA,0,0,0,0,0,0,0,0,0,0,0,NA,0,0,0,0,0,0,0,0,0,0,0,0,0,0,0,0,0,0,0,0,0,0,NA,NA,0,0,0,0,0,NA,0,0,0,0,0,0,0,0,0,0,0,0,0,NA,0,0,0,0,1,0,0,0,0,0,0,0,0,0,0,0,0
"7:111227620",0,0,0,NA,NA,0,NA,0,0,NA,0,0,NA,NA,0,0,0,0,0,0,NA,0,0,0,NA,0,NA,NA,0,NA,1,0,NA,0,NA,NA,0,NA,NA,0,0,0,0,0,NA,0,0,NA,0,0,0,0,0,NA,0,0,0,0,0,0,0,0,0,0,0,0,0,NA,0,0,1,0,0,0,0,0,0,0,0,0,0,0,0,0,0,0,NA,0,0,0,0,0,0,0,0,0,0,0,0,0,0,0,0,0,0,0,0,0,0,0,0,0,NA,NA,0,0,0,0,0,0,0,0,0,0,NA,0,0,0,0,0,0,0,0,0,0,0,0,0,0,0,0,0,0,0,0,0,0,0,0,0,NA,0,0,0,0,0,0,0,0,0,0,0,0,0,0,0,0,0,0,0,0,0,0,0,0,0,0,0
"1:151702579",0,0,0,NA,NA,0,0,0,NA,0,NA,0,0,0,0,0,0,NA,NA,0,0,0,0,0,0,0,NA,0,NA,1,1,0,0,0,0,NA,NA,NA,0,0,0,NA,0,NA,0,0,NA,0,0,0,0,0,0,0,0,0,0,0,0,0,0,0,0,0,0,0,0,0,0,0,NA,0,NA,0,0,0,0,0,0,0,NA,0,0,1,0,NA,0,0,0,0,0,1,0,0,NA,0,0,0,0,0,0,NA,0,0,0,0,0,0,0,0,NA,0,0,0,0,0,0,0,0,0,0,0,NA,0,0,0,0,NA,0,0,0,0,0,0,1,0,0,0,NA,0,0,NA,0,0,0,0,NA,0,0,0,0,0,0,0,0,0,0,0,NA,0,0,0,0,0,NA,0,0,0,0,0,0,0,0,0,0,0,0,0
"4:61469728",0,0,0,0,0,0,0,NA,0,NA,0,0,0,NA,0,0,0,0,NA,NA,0,0,NA,0,0,0,0,0,0,1,1,0,NA,0,0,0,0,NA,0,0,0,NA,0,0,0,0,0,0,0,0,0,0,0,NA,NA,0,0,0,0,0,0,0,0,0,0,0,0,0,0,0,0,0,0,0,0,0,0,0,0,0,0,0,0,1,0,0,0,0,0,0,NA,1,0,0,0,0,0,0,0,0,0,NA,0,0,0,NA,0,0,0,0,0,0,0,NA,0,1,0,0,0,0,0,0,0,0,0,NA,0,0,0,0,0,0,0,0,0,0,0,NA,0,NA,0,0,0,0,0,0,0,NA,NA,0,0,0,0,0,0,0,0,0,0,0,0,0,0,0,0,0,0,0,0,0,0,0,NA,NA,0,0,0,0
"16:68538490",0,0,0,NA,NA,0,NA,0,NA,NA,NA,NA,NA,0,NA,0,NA,NA,0,NA,NA,0,NA,NA,0,0,NA,NA,0,0,1,NA,NA,0,0,0,0,NA,NA,0,NA,NA,0,0,0,0,NA,0,0,0,0,0,0,0,0,0,0,0,0,0,0,0,0,0,0,0,0,0,0,0,0,0,0,0,0,0,0,0,0,0,0,0,0,0,0,0,0,0,0,NA,0,1,0,NA,0,0,NA,0,0,0,0,0,0,0,0,0,0,0,0,NA,0,0,0,0,NA,0,0,0,0,0,0,0,0,0,0,0,0,0,0,0,0,0,0,0,0,0,NA,0,0,0,0,0,0,0,0,0,0,0,0,0,0,0,0,0,0,0,NA,0,0,0,0,0,0,0,0,NA,0,0,NA,0,0,0,NA,0,0,0,NA,0
"2:212240673",0,0,0,0,NA,0,0,0,NA,0,0,0,NA,0,0,0,0,0,0,0,0,0,0,0,0,0,0,0,0,0,1,0,0,NA,0,0,0,0,0,NA,0,0,0,0,0,0,NA,0,NA,0,0,0,0,0,NA,0,0,NA,0,NA,0,0,0,0,0,0,0,0,0,0,0,0,NA,1,0,0,0,0,0,0,0,0,0,0,0,0,0,0,0,NA,NA,1,0,0,NA,0,0,NA,0,0,0,0,0,NA,0,0,0,0,0,0,0,NA,0,NA,0,0,0,0,0,0,NA,0,0,0,NA,NA,0,NA,0,0,0,0,0,0,0,0,0,0,0,0,0,0,0,0,0,0,0,0,0,0,0,NA,0,0,0,0,0,NA,NA,0,0,0,0,NA,NA,0,1,0,0,NA,0,0,0,0,0,0,0,0
"10:132881617",0,NA,0,0,0,0,0,0,0,0,0,NA,0,0,NA,NA,NA,0,NA,NA,NA,0,0,0,NA,0,NA,0,0,NA,NA,NA,NA,NA,0,0,0,0,NA,0,NA,0,0,NA,NA,NA,0,1,1,0,1,NA,0,NA,NA,1,NA,NA,NA,NA,1,1,1,1,1,1,NA,1,NA,NA,1,1,1,NA,NA,0,1,1,1,0,NA,1,1,1,NA,1,1,NA,1,NA,0,1,1,1,0,1,0,1,0,NA,1,0,1,NA,NA,0,1,NA,1,NA,1,0,NA,NA,1,0,0,NA,0,0,0,1,NA,0,0,0,1,NA,1,1,NA,1,0,NA,NA,1,1,1,0,NA,1,1,1,0,NA,1,NA,1,1,1,1,0,0,1,1,1,1,1,0,0,NA,1,0,1,1,NA,0,0,1,0,1,0,0,1,0,NA,1,1
"14:56726037",NA,NA,NA,NA,NA,NA,NA,NA,1,NA,NA,NA,0,NA,NA,NA,NA,0,0,NA,NA,NA,1,1,1,NA,NA,1,1,1,1,0,NA,NA,NA,NA,NA,NA,1,NA,NA,0,NA,0,NA,1,0,NA,1,0,NA,1,1,NA,NA,1,NA,NA,0,0,NA,NA,NA,NA,1,1,NA,1,NA,1,0,NA,1,NA,1,NA,1,NA,1,NA,1,1,1,1,NA,NA,0,0,0,0,0,NA,NA,1,NA,1,1,NA,0,NA,NA,0,1,1,1,1,NA,NA,NA,NA,NA,1,NA,NA,0,NA,NA,NA,1,0,NA,1,NA,0,NA,NA,NA,NA,NA,0,NA,1,NA,1,1,NA,NA,NA,1,NA,1,NA,NA,0,0,1,NA,NA,NA,NA,NA,NA,1,NA,NA,NA,1,NA,0,NA,NA,1,1,NA,NA,NA,0,0,NA,1,NA,1,NA,NA,1,1,1,1
"10:116999585",0,0,0,0,0,0,NA,NA,0,0,0,NA,0,0,0,0,0,0,0,0,0,0,NA,NA,0,0,0,0,NA,NA,NA,0,0,0,NA,0,0,0,0,0,0,NA,0,0,0,0,0,0,0,1,1,0,1,1,0,NA,1,1,1,1,0,1,0,NA,1,0,0,0,0,0,0,1,1,1,0,NA,0,1,1,NA,1,0,0,0,1,1,NA,1,1,0,1,1,1,1,1,1,NA,1,0,NA,1,NA,1,1,0,1,1,1,0,1,1,1,1,NA,1,0,NA,1,1,1,NA,1,1,0,1,0,0,1,0,1,0,1,0,1,0,NA,NA,1,0,NA,0,0,0,1,1,NA,0,0,0,0,NA,0,1,1,NA,1,1,0,0,0,1,0,0,1,NA,0,0,NA,1,1,1,1,0,1,1,1,1,0
"4:6648119",0,0,NA,0,NA,NA,0,NA,NA,NA,0,0,0,0,NA,NA,0,0,0,NA,0,0,0,NA,0,0,0,NA,0,NA,0,0,0,0,0,0,0,NA,0,0,0,0,NA,0,NA,0,NA,NA,NA,0,NA,NA,1,NA,NA,1,NA,1,1,1,1,0,NA,NA,1,0,1,NA,NA,NA,0,0,0,1,NA,0,1,1,0,0,NA,NA,1,NA,1,NA,NA,1,NA,NA,NA,NA,NA,NA,0,NA,NA,1,0,NA,NA,NA,1,NA,NA,NA,1,1,0,NA,NA,1,1,1,NA,NA,NA,1,1,NA,1,0,0,NA,1,NA,0,1,NA,1,NA,1,NA,1,NA,NA,0,NA,1,0,NA,NA,1,1,1,NA,0,1,NA,NA,1,1,0,1,1,NA,NA,1,NA,1,NA,1,NA,NA,1,NA,1,0,NA,NA,0,NA,1,NA,NA,1,0,NA
"5:138495150",0,0,NA,NA,NA,NA,0,0,0,0,0,NA,0,NA,NA,NA,0,0,0,0,NA,NA,0,0,0,0,0,0,0,NA,0,0,0,0,NA,0,0,0,1,0,0,0,NA,NA,NA,NA,0,NA,0,0,1,1,NA,1,NA,1,0,NA,1,NA,1,1,1,NA,1,NA,1,NA,NA,0,1,NA,NA,1,1,1,0,NA,0,0,1,0,NA,NA,0,NA,NA,NA,NA,NA,NA,0,0,0,NA,1,1,1,NA,1,NA,1,1,1,NA,NA,1,0,NA,NA,NA,NA,NA,NA,NA,NA,0,1,1,NA,1,1,NA,NA,NA,NA,0,0,0,NA,1,1,NA,0,NA,NA,NA,1,NA,0,0,NA,1,NA,1,1,NA,0,NA,NA,NA,1,1,1,1,1,1,0,0,NA,1,NA,0,0,NA,NA,1,NA,1,0,NA,0,NA,NA,NA,NA,0,NA
"7:42814064",0,0,0,0,0,0,0,0,0,NA,0,0,0,0,0,0,NA,0,0,0,NA,0,0,0,0,0,0,NA,0,NA,0,0,0,0,0,0,0,0,0,0,0,0,0,0,NA,NA,NA,0,NA,1,1,NA,1,1,NA,1,NA,NA,NA,0,0,0,0,NA,NA,1,NA,1,1,1,NA,0,1,1,0,1,1,0,0,1,NA,1,1,NA,0,NA,1,1,NA,NA,1,NA,0,NA,NA,NA,1,NA,0,1,NA,0,NA,1,NA,NA,0,1,NA,1,NA,1,1,NA,NA,NA,0,NA,NA,0,1,1,0,0,1,1,1,0,0,1,1,1,NA,1,1,0,NA,1,1,1,1,NA,1,1,1,1,NA,NA,NA,NA,1,NA,NA,1,NA,0,1,1,1,0,0,NA,0,NA,NA,NA,1,1,NA,1,0,1,1,0,NA,NA,1,1
"3:97344809",NA,0,0,0,0,0,0,NA,0,0,0,0,0,0,0,NA,0,NA,0,0,0,0,0,0,0,0,0,0,0,0,0,0,0,NA,0,0,0,0,0,0,0,0,0,NA,0,0,0,0,NA,NA,1,NA,0,NA,NA,NA,1,NA,1,1,NA,NA,1,1,NA,1,NA,1,1,NA,NA,1,0,0,0,0,1,0,0,NA,1,0,1,1,NA,1,1,NA,0,0,0,0,NA,1,NA,NA,NA,1,NA,1,1,1,NA,1,1,1,1,NA,0,NA,0,1,NA,NA,1,0,NA,0,1,1,1,NA,1,1,1,1,1,1,1,NA,1,1,0,1,NA,1,1,NA,0,1,1,NA,NA,1,1,NA,1,1,1,1,1,1,0,1,NA,NA,1,1,NA,NA,0,1,NA,1,NA,1,NA,0,0,1,0,0,1,NA,0,1,0,NA
"5:110382756",0,0,0,0,NA,0,0,0,0,0,0,0,0,NA,0,0,NA,NA,0,0,0,0,0,0,NA,NA,0,0,0,0,0,0,0,0,NA,0,0,0,NA,0,0,0,0,0,0,NA,0,NA,1,NA,1,0,0,NA,NA,1,NA,1,0,1,0,NA,NA,NA,NA,0,1,NA,1,NA,1,1,0,1,NA,NA,NA,NA,NA,NA,NA,NA,1,NA,NA,NA,1,NA,1,NA,1,0,1,1,1,NA,NA,0,NA,0,1,NA,NA,0,1,NA,1,NA,1,NA,NA,1,NA,0,1,NA,NA,NA,1,0,NA,1,NA,NA,1,NA,1,NA,NA,1,NA,NA,0,1,NA,NA,1,NA,NA,1,1,NA,NA,0,NA,NA,NA,NA,1,NA,NA,1,NA,NA,NA,1,NA,1,NA,1,NA,NA,NA,NA,0,1,NA,NA,0,0,NA,NA,1,NA,NA,NA,NA,NA
"13:108105506",0,NA,0,NA,NA,NA,0,NA,NA,NA,0,0,0,0,0,0,0,0,0,0,NA,0,NA,NA,0,0,0,0,NA,0,0,NA,0,0,NA,0,0,0,NA,0,NA,NA,0,0,NA,0,NA,0,0,0,1,1,NA,0,1,0,NA,1,1,0,0,NA,0,1,0,1,1,NA,0,0,0,0,0,0,0,1,1,1,1,0,1,0,0,0,0,0,1,1,1,1,1,1,1,0,1,0,1,1,0,0,0,0,1,NA,1,1,1,1,1,0,NA,NA,NA,1,NA,1,0,0,1,1,1,0,0,0,NA,NA,1,1,1,1,NA,NA,1,0,0,1,1,1,0,1,1,0,0,1,1,1,NA,0,0,1,1,0,1,NA,NA,1,0,1,0,0,1,0,NA,0,1,0,0,0,1,1,1,1,1,1,0,0,1,NA
"3:117970357",NA,0,0,NA,0,0,NA,0,0,0,0,0,0,0,0,0,0,0,0,0,0,0,0,0,0,0,0,0,0,NA,NA,0,NA,0,0,0,0,0,NA,0,NA,0,0,0,0,0,0,0,1,0,0,1,0,0,1,1,NA,0,0,1,1,0,0,1,0,NA,1,NA,1,1,0,1,0,1,0,1,0,0,NA,0,0,1,0,0,NA,0,1,0,1,1,1,1,1,1,1,1,1,0,0,0,NA,1,0,1,1,1,1,1,1,NA,1,0,0,1,1,NA,1,NA,0,1,NA,0,1,NA,0,NA,NA,0,0,1,NA,0,1,1,0,1,0,1,NA,0,1,0,1,1,0,1,1,0,1,1,1,1,1,0,NA,1,1,1,NA,NA,0,0,NA,1,NA,NA,0,1,1,NA,1,1,NA,1,0,1,1,1
"18:44011353",0,0,NA,NA,NA,0,0,0,0,0,NA,0,NA,0,0,NA,0,0,0,NA,NA,NA,NA,0,0,0,0,0,0,NA,NA,0,0,0,0,0,0,0,0,0,0,0,NA,1,0,0,0,NA,NA,NA,NA,1,NA,NA,NA,0,NA,1,1,1,NA,1,NA,0,1,NA,NA,1,NA,0,NA,1,0,1,0,NA,NA,0,NA,1,NA,NA,1,1,NA,NA,NA,NA,1,NA,NA,NA,0,1,NA,1,1,NA,NA,1,NA,0,NA,NA,0,NA,NA,1,1,NA,NA,1,1,NA,NA,0,0,1,NA,1,NA,1,NA,NA,NA,0,NA,NA,NA,NA,NA,1,NA,NA,NA,NA,NA,NA,1,NA,0,0,NA,NA,1,1,1,0,NA,NA,NA,NA,NA,NA,NA,0,0,NA,1,NA,NA,NA,NA,1,NA,NA,1,NA,NA,1,1,1,1,1,NA,NA,1,1
"4:63799861",0,NA,0,0,0,0,0,0,0,NA,NA,0,0,0,0,0,0,0,0,0,NA,0,NA,0,0,NA,0,0,0,0,0,0,0,NA,0,0,0,0,0,0,NA,NA,NA,0,0,0,0,1,0,0,0,NA,0,1,NA,NA,NA,NA,1,1,1,1,1,0,1,1,NA,NA,1,1,NA,1,0,0,NA,NA,0,NA,NA,NA,1,0,1,0,NA,NA,NA,1,0,1,1,1,1,NA,NA,0,1,1,0,0,NA,NA,NA,1,NA,1,NA,NA,1,0,1,1,NA,NA,NA,NA,0,1,1,1,1,NA,NA,NA,1,NA,1,NA,1,NA,1,1,1,0,0,NA,0,0,NA,0,NA,1,1,NA,NA,1,1,1,NA,1,1,NA,0,0,0,NA,NA,NA,1,1,NA,1,1,1,NA,1,1,NA,1,1,NA,NA,1,1,1,1,1,0
"15:27952690",0,0,0,NA,NA,NA,NA,1,NA,NA,NA,1,NA,NA,NA,0,NA,0,0,NA,0,NA,0,0,0,0,0,0,NA,0,NA,NA,0,0,NA,NA,0,NA,NA,0,0,0,0,0,0,0,NA,NA,1,NA,NA,1,1,NA,NA,0,NA,1,NA,NA,NA,0,NA,NA,1,NA,1,1,NA,1,1,0,NA,1,1,1,1,0,NA,1,1,0,NA,1,1,1,1,1,1,1,NA,NA,1,NA,0,1,1,NA,NA,1,1,1,NA,0,1,NA,1,0,NA,1,1,1,1,NA,0,1,NA,1,1,0,NA,1,NA,1,NA,NA,1,1,NA,0,1,1,0,0,NA,NA,NA,0,1,0,NA,NA,NA,NA,NA,0,NA,0,1,NA,1,1,NA,0,1,0,NA,NA,0,NA,0,1,1,1,NA,0,1,1,1,NA,0,NA,0,0,NA,NA,1,1
"1:150398413",0,0,0,0,NA,0,0,NA,0,0,0,0,0,0,NA,0,0,0,0,0,0,0,0,0,0,0,0,0,0,0,0,NA,0,0,0,0,0,0,0,0,0,0,0,1,0,0,0,NA,0,1,NA,NA,NA,NA,NA,0,NA,NA,NA,NA,0,NA,NA,NA,NA,1,1,NA,0,NA,1,NA,NA,NA,1,1,NA,NA,NA,1,1,NA,NA,0,NA,NA,0,NA,1,NA,NA,0,NA,NA,NA,1,NA,1,1,NA,1,1,NA,1,NA,1,0,NA,NA,NA,1,1,NA,NA,1,0,NA,NA,1,NA,1,1,NA,1,NA,NA,1,1,NA,1,NA,NA,NA,NA,0,0,0,NA,1,NA,NA,0,1,NA,NA,1,0,NA,1,NA,NA,NA,NA,NA,NA,NA,NA,NA,NA,NA,NA,NA,NA,0,NA,NA,NA,NA,NA,NA,NA,NA,0,NA,NA,1,NA,0
"11:11867404",0,0,NA,0,NA,0,0,0,0,0,0,0,NA,NA,0,0,0,0,0,0,0,0,NA,0,0,NA,0,0,NA,0,NA,NA,NA,0,0,0,NA,0,0,0,0,0,0,NA,0,0,0,NA,NA,NA,1,1,1,1,NA,1,1,0,NA,0,NA,NA,NA,0,NA,NA,NA,1,NA,NA,1,NA,NA,0,NA,1,1,1,1,NA,NA,1,NA,0,NA,1,NA,1,NA,NA,1,0,0,NA,1,0,NA,1,1,1,NA,NA,NA,NA,NA,1,NA,0,NA,NA,0,1,NA,NA,1,NA,NA,NA,0,1,NA,1,NA,1,1,1,1,1,NA,NA,1,1,NA,0,NA,0,NA,NA,1,NA,NA,NA,0,0,NA,1,NA,NA,1,NA,1,0,0,0,NA,NA,NA,NA,NA,NA,0,NA,1,1,NA,NA,NA,NA,NA,NA,NA,1,1,1,NA,NA,1,NA
"12:64004813",0,0,0,0,NA,0,0,0,0,0,0,NA,0,0,NA,0,0,0,0,0,0,NA,1,0,0,0,0,0,NA,0,0,0,0,0,0,0,0,0,0,0,0,0,0,0,0,0,NA,NA,0,NA,0,1,0,1,1,NA,1,NA,1,1,NA,NA,NA,1,NA,NA,NA,NA,NA,NA,1,NA,0,NA,NA,NA,0,0,1,1,NA,1,NA,NA,NA,NA,NA,1,NA,NA,0,NA,NA,NA,1,NA,1,NA,NA,0,1,NA,NA,1,NA,NA,1,NA,1,1,NA,NA,NA,NA,0,NA,NA,1,NA,1,0,1,0,1,NA,NA,NA,NA,NA,NA,NA,NA,1,NA,NA,0,NA,1,1,NA,1,NA,NA,NA,NA,NA,NA,NA,1,NA,NA,NA,0,NA,1,NA,NA,0,0,NA,NA,NA,NA,0,NA,1,1,NA,1,NA,NA,0,1,NA,NA,1,NA,1
"5:105586769",0,0,0,0,0,0,0,NA,NA,NA,NA,NA,NA,0,0,0,NA,0,0,NA,NA,NA,NA,0,NA,NA,NA,0,0,0,NA,0,NA,0,0,0,0,0,NA,0,NA,NA,NA,0,0,0,0,1,0,0,NA,1,NA,NA,1,1,NA,1,1,0,0,0,1,1,NA,1,NA,1,0,1,NA,0,NA,0,NA,NA,NA,NA,NA,NA,NA,1,NA,1,1,1,0,1,1,NA,NA,NA,1,NA,NA,NA,NA,1,NA,1,NA,1,NA,NA,NA,0,NA,NA,NA,1,NA,1,1,1,1,1,NA,NA,NA,1,1,1,0,NA,1,NA,NA,0,NA,1,NA,1,1,NA,NA,1,NA,NA,NA,NA,NA,0,NA,NA,1,NA,0,NA,1,0,NA,1,0,NA,0,0,NA,NA,NA,0,NA,NA,NA,0,0,NA,NA,0,NA,NA,NA,NA,NA,NA,1,1,1,NA
"13:80399041",NA,0,NA,NA,NA,NA,0,NA,NA,NA,NA,0,0,0,0,NA,NA,0,0,NA,NA,0,0,0,0,0,0,0,NA,NA,NA,0,0,NA,0,0,NA,NA,NA,0,0,0,NA,0,NA,NA,0,NA,1,NA,NA,1,1,NA,1,1,1,1,1,1,NA,1,0,0,0,0,NA,1,0,1,NA,NA,NA,0,0,0,NA,1,1,0,1,NA,1,NA,NA,NA,NA,0,1,0,1,NA,NA,NA,1,NA,1,NA,NA,1,1,1,NA,NA,0,0,1,0,1,NA,NA,0,1,NA,NA,1,1,NA,1,0,NA,NA,NA,NA,1,NA,1,1,0,1,NA,NA,1,1,NA,1,1,0,0,NA,NA,1,NA,NA,1,NA,0,0,1,NA,1,NA,1,1,0,NA,0,0,0,NA,0,0,0,NA,1,1,NA,NA,0,1,1,0,NA,1,1,1,NA,1
"2:42674556",0,0,NA,0,0,NA,0,0,NA,0,0,0,0,0,0,0,0,0,0,0,0,0,0,0,0,0,0,0,0,0,0,0,0,NA,0,0,NA,0,0,NA,0,0,0,0,0,0,NA,1,1,1,NA,1,1,NA,NA,1,1,1,NA,1,1,1,NA,0,NA,0,1,1,0,1,1,0,0,NA,1,NA,NA,NA,1,1,NA,0,NA,1,NA,NA,NA,NA,NA,0,NA,1,NA,NA,1,1,1,NA,1,1,1,1,0,1,NA,0,1,NA,1,1,1,1,1,1,NA,1,NA,NA,NA,NA,0,0,0,0,0,0,NA,0,NA,0,0,0,NA,NA,1,0,1,NA,NA,NA,NA,0,NA,1,1,1,1,NA,0,NA,0,NA,1,1,NA,0,NA,1,NA,0,NA,1,1,1,NA,1,NA,0,1,1,NA,1,NA,NA,1,1,0,0
"10:71394752",0,0,0,0,0,0,0,0,NA,0,0,0,0,NA,0,0,0,0,0,0,0,0,0,NA,NA,NA,0,0,0,NA,0,NA,0,0,0,0,0,0,0,0,0,0,0,0,0,0,0,1,1,1,0,1,1,NA,NA,1,0,1,NA,1,1,1,NA,1,NA,NA,0,NA,NA,0,1,0,0,1,0,1,NA,0,1,1,NA,1,NA,1,NA,NA,1,NA,NA,NA,0,NA,1,NA,NA,NA,NA,1,NA,NA,NA,0,NA,1,0,NA,1,1,0,NA,0,NA,NA,NA,NA,1,1,NA,NA,0,1,NA,1,NA,NA,NA,0,1,1,1,1,NA,1,0,0,NA,NA,0,1,0,NA,NA,1,NA,1,0,1,1,1,1,NA,1,NA,NA,0,0,NA,0,NA,NA,NA,1,1,1,1,0,0,0,1,NA,NA,NA,0,NA,NA,0,NA,0
"20:23981665",0,0,NA,NA,0,0,NA,0,0,0,0,0,0,0,0,0,0,0,0,NA,0,0,0,0,0,0,0,0,NA,0,0,0,0,NA,NA,0,0,0,0,0,0,0,NA,0,0,0,0,1,0,0,NA,NA,NA,0,1,0,NA,1,1,1,1,1,1,0,NA,NA,NA,0,0,0,1,NA,NA,1,1,1,1,1,1,1,1,1,NA,1,1,NA,1,0,1,NA,NA,1,1,0,1,1,0,0,1,NA,1,0,1,1,1,1,1,NA,0,1,1,NA,NA,NA,0,1,1,1,1,1,NA,0,NA,0,NA,0,1,1,0,NA,1,1,0,0,NA,0,0,1,1,0,1,NA,NA,1,1,NA,1,0,NA,0,1,1,1,1,0,NA,1,1,1,1,1,1,1,NA,1,1,0,0,0,0,0,1,1,1,1,1,1,NA
"5:124311685",1,1,0,0,0,1,0,0,1,1,NA,0,1,0,0,0,1,NA,0,1,0,0,0,NA,0,0,0,0,0,1,0,0,0,0,0,0,1,0,1,0,0,0,NA,NA,0,0,1,NA,0,1,0,0,1,NA,NA,NA,NA,NA,NA,NA,1,NA,NA,NA,NA,NA,0,NA,NA,NA,NA,NA,0,NA,0,NA,1,NA,NA,0,0,0,NA,0,NA,NA,NA,NA,NA,NA,0,1,NA,0,NA,NA,NA,NA,NA,NA,0,0,0,1,0,NA,NA,0,NA,NA,1,NA,NA,NA,NA,NA,NA,1,1,1,NA,NA,NA,0,1,NA,1,NA,NA,0,NA,0,1,0,NA,0,0,NA,1,NA,0,NA,NA,NA,0,1,NA,0,0,NA,0,1,NA,NA,NA,1,0,NA,NA,NA,NA,NA,NA,NA,NA,NA,NA,NA,0,NA,NA,NA,NA,NA,0,NA,NA,0
"16:11882211",0,0,0,NA,NA,0,NA,0,0,NA,0,NA,0,NA,NA,0,0,0,0,NA,0,NA,0,0,0,NA,NA,0,0,0,0,0,0,0,NA,NA,NA,0,0,0,0,0,0,0,0,NA,0,0,NA,0,0,0,0,NA,NA,NA,NA,0,0,0,NA,1,NA,0,0,NA,NA,NA,1,1,0,1,0,0,0,1,0,1,NA,0,1,NA,0,0,NA,NA,NA,NA,NA,0,NA,NA,0,NA,0,NA,1,0,1,0,NA,NA,NA,NA,NA,NA,1,0,0,0,NA,0,0,NA,NA,NA,1,0,NA,1,0,0,0,0,0,NA,NA,0,0,0,0,NA,1,NA,0,0,0,NA,1,NA,NA,NA,NA,0,NA,NA,NA,0,1,NA,NA,NA,0,0,1,1,0,NA,NA,NA,NA,1,NA,NA,NA,0,0,NA,0,NA,0,0,0,NA,NA,0,NA,0
"16:11882212",0,0,0,0,0,0,0,NA,0,0,0,0,1,NA,0,1,0,0,0,0,0,0,0,0,0,0,NA,0,0,0,0,0,0,0,0,0,0,0,0,0,0,NA,NA,0,0,NA,0,0,NA,NA,NA,NA,NA,NA,NA,NA,NA,1,0,0,0,1,NA,NA,0,NA,1,1,NA,1,1,1,0,0,0,1,NA,1,1,NA,1,1,1,NA,NA,NA,NA,1,NA,0,NA,NA,0,NA,0,NA,NA,NA,NA,0,1,NA,NA,NA,NA,1,1,NA,NA,0,NA,0,0,NA,NA,1,1,0,NA,1,1,0,NA,0,1,NA,1,NA,0,0,NA,NA,1,NA,NA,NA,NA,NA,1,0,1,NA,NA,NA,NA,1,NA,NA,NA,NA,1,NA,0,0,NA,1,NA,NA,NA,NA,0,1,NA,1,NA,0,NA,1,1,NA,NA,0,NA,NA,1,NA,NA,0
"1:112480485",0,0,0,0,NA,NA,0,0,0,NA,NA,0,0,1,0,0,0,0,0,0,0,NA,0,0,0,0,0,0,NA,0,NA,0,NA,0,0,1,0,0,0,0,0,0,0,NA,NA,NA,0,0,0,0,0,0,0,0,0,0,0,0,0,0,0,0,0,0,0,0,0,0,0,0,0,0,0,0,0,0,0,0,0,0,0,0,0,0,0,0,0,0,0,0,0,0,0,NA,0,0,0,0,0,0,NA,0,0,0,0,0,0,0,0,0,0,0,0,0,0,0,0,0,NA,0,0,0,0,0,0,0,0,0,0,0,0,0,0,0,1,1,1,1,0,0,0,0,0,0,0,0,0,0,0,0,0,0,0,0,0,0,0,0,1,1,0,0,0,0,0,0,0,0,0,0,NA,0,0,0,NA,0,0,0
"17:53049329",NA,0,NA,NA,0,NA,0,0,NA,0,0,NA,0,1,0,NA,NA,0,0,NA,0,0,NA,NA,NA,0,0,0,NA,0,0,0,NA,NA,NA,1,NA,0,NA,0,0,NA,0,0,0,0,NA,0,0,0,0,0,0,0,0,0,0,0,0,0,0,0,0,0,0,NA,0,NA,0,0,0,0,0,0,0,0,0,0,0,0,0,0,NA,0,NA,0,0,0,0,0,0,0,0,0,0,0,0,0,0,0,0,0,0,0,0,0,0,0,0,0,0,0,0,NA,0,0,0,0,0,0,0,0,0,0,0,0,0,0,0,0,0,0,0,NA,1,1,1,1,0,0,0,NA,0,NA,0,0,NA,0,0,NA,0,0,0,0,0,0,0,NA,NA,1,0,0,0,0,NA,0,0,0,NA,0,0,0,NA,0,0,NA,0,0
"12:99327031",0,NA,NA,NA,1,0,0,0,0,0,0,0,NA,0,NA,NA,NA,0,0,0,0,0,NA,NA,0,NA,0,0,NA,0,NA,0,0,NA,NA,0,0,0,0,NA,NA,0,0,0,0,0,0,0,0,0,0,0,1,0,0,0,0,0,0,NA,0,0,NA,0,0,0,0,0,0,0,0,0,0,0,0,0,0,0,0,0,0,0,0,0,NA,0,0,0,0,0,0,0,0,0,0,NA,0,0,0,0,0,0,0,0,0,0,0,0,0,0,0,0,0,NA,NA,NA,NA,0,0,0,0,0,0,0,0,0,0,0,0,0,0,0,0,0,1,1,0,0,0,0,0,0,0,0,0,0,0,0,0,NA,0,0,0,NA,0,0,0,0,0,NA,0,0,0,0,NA,0,NA,0,0,0,0,NA,0,0,0,0,0,0
"8:71461193",NA,0,0,NA,0,0,0,0,NA,0,0,0,0,0,0,0,NA,0,NA,0,0,NA,0,0,0,NA,0,0,0,0,NA,0,0,0,0,NA,0,0,NA,0,0,0,0,0,0,NA,0,0,0,0,0,0,0,0,0,0,0,0,0,0,0,0,0,0,0,0,0,0,0,0,0,0,0,NA,0,0,0,0,0,0,0,0,0,0,0,0,0,0,0,0,0,0,NA,0,0,0,NA,0,0,0,0,0,0,0,0,0,0,NA,0,0,0,0,NA,0,0,0,NA,0,0,0,0,0,0,0,0,0,0,0,0,0,0,0,NA,0,1,1,0,0,0,0,0,0,0,NA,0,0,0,0,0,0,0,0,0,0,0,0,0,0,0,0,0,0,0,0,NA,0,0,0,0,0,0,0,0,0,0,0,0,0
"9:83051878",0,0,0,NA,NA,0,0,0,0,0,0,0,0,1,0,NA,0,0,0,NA,0,0,0,NA,NA,NA,0,NA,0,0,NA,0,0,0,0,0,0,0,NA,NA,0,0,0,0,NA,0,0,NA,0,0,0,0,0,NA,NA,0,0,0,0,NA,NA,NA,0,0,0,0,NA,0,0,0,0,0,0,NA,NA,0,0,0,0,0,0,0,0,NA,NA,NA,0,0,0,0,NA,NA,0,0,NA,NA,0,NA,NA,0,NA,0,NA,NA,0,NA,0,0,0,0,0,0,NA,NA,NA,0,0,0,NA,NA,0,NA,NA,NA,0,NA,NA,0,NA,0,0,0,0,0,1,1,0,0,NA,0,0,NA,0,0,0,0,0,0,0,NA,0,0,0,0,0,NA,0,0,NA,0,NA,0,0,NA,NA,NA,0,0,0,0,NA,0,0,NA,NA,0,0,0
"16:71853355",0,0,1,0,NA,0,0,0,0,0,0,NA,0,0,NA,1,0,0,0,0,NA,0,0,0,0,0,0,0,0,0,0,0,0,1,0,0,0,1,0,1,0,0,NA,0,NA,0,0,0,0,0,0,0,NA,0,NA,0,0,NA,NA,0,NA,NA,NA,NA,NA,NA,0,0,NA,NA,0,0,0,NA,NA,0,0,0,NA,0,0,0,NA,0,NA,0,NA,NA,NA,NA,0,0,0,0,0,NA,NA,0,NA,NA,NA,0,NA,NA,0,NA,NA,NA,0,0,0,0,1,NA,NA,0,NA,0,NA,0,0,0,NA,1,0,0,0,NA,NA,NA,NA,NA,NA,0,NA,0,0,0,0,0,NA,NA,0,NA,NA,0,NA,0,0,0,NA,NA,NA,NA,0,NA,0,NA,NA,NA,0,0,NA,NA,NA,0,NA,NA,0,NA,NA,NA,0,NA,NA,0,NA,0
"16:71853364",0,0,1,0,NA,NA,0,0,0,0,0,0,0,0,0,1,0,0,0,0,0,0,0,0,0,0,0,0,NA,NA,0,0,0,0,0,0,0,1,0,0,0,0,0,NA,0,NA,0,NA,0,0,0,NA,NA,0,NA,0,NA,NA,NA,0,NA,NA,NA,NA,1,NA,NA,1,NA,NA,0,0,0,NA,NA,0,NA,0,NA,0,0,0,NA,0,NA,0,NA,NA,NA,NA,0,NA,0,0,0,NA,NA,0,NA,NA,NA,1,NA,NA,0,NA,NA,NA,0,1,0,0,1,NA,NA,0,NA,0,NA,NA,0,0,NA,1,0,0,0,NA,NA,NA,NA,1,NA,0,NA,0,0,0,0,0,NA,NA,0,NA,NA,0,NA,0,0,0,NA,NA,NA,NA,0,NA,0,NA,NA,NA,0,0,1,NA,NA,0,NA,NA,NA,NA,NA,NA,0,NA,NA,0,NA,0
"20:25027834",0,0,0,0,NA,0,0,0,0,0,0,NA,0,0,NA,0,0,0,0,0,0,0,NA,0,NA,0,0,NA,0,NA,0,NA,0,0,0,0,0,0,0,0,0,0,0,0,NA,0,0,0,0,0,0,0,0,0,0,0,0,0,0,0,0,0,0,NA,0,0,0,0,0,0,0,0,0,0,0,0,0,0,0,0,0,0,0,0,1,0,0,0,0,0,0,0,0,0,0,0,0,0,0,0,0,0,0,0,0,0,0,0,0,0,0,0,0,0,0,0,0,0,0,1,0,0,0,1,0,0,0,0,0,0,0,0,0,0,0,0,0,0,0,0,0,0,0,0,0,0,0,0,0,0,0,0,0,0,0,0,0,0,0,0,NA,0,0,0,0,0,0,0,0,0,0,0,0,0,0,0,0,0
"6:119621602",0,NA,NA,0,0,0,0,0,0,0,0,NA,0,1,0,NA,0,0,0,0,0,0,0,NA,0,0,0,0,NA,0,0,0,0,0,0,0,0,NA,0,NA,NA,0,0,0,0,NA,0,0,0,0,0,0,NA,0,NA,NA,0,0,NA,0,0,0,0,0,0,0,0,0,NA,0,0,0,0,0,0,0,0,0,0,NA,0,0,0,NA,NA,NA,0,0,0,0,NA,0,0,0,0,0,NA,NA,0,NA,0,0,0,NA,0,NA,0,0,0,NA,0,0,0,NA,0,0,0,0,0,0,0,1,1,1,0,0,NA,0,NA,0,0,0,1,0,0,0,0,0,0,0,0,0,1,0,0,0,0,0,0,0,0,0,0,NA,0,0,0,0,NA,NA,0,0,0,0,0,0,0,NA,0,0,NA,NA,0,NA,0,0,0,0
"1:115648862",NA,NA,NA,NA,NA,NA,NA,NA,NA,NA,0,NA,NA,NA,NA,NA,NA,0,NA,NA,NA,NA,NA,0,NA,NA,NA,0,NA,0,NA,0,NA,NA,0,NA,0,NA,NA,0,NA,NA,NA,NA,NA,NA,NA,0,NA,0,0,0,NA,0,0,0,0,0,0,0,0,0,0,0,0,0,0,0,0,0,0,0,0,0,0,NA,0,NA,0,0,NA,0,NA,0,0,0,0,1,NA,1,0,0,0,0,NA,0,0,NA,NA,NA,0,NA,0,0,0,0,0,0,0,0,NA,0,NA,NA,NA,0,0,0,NA,NA,0,1,1,1,0,0,NA,NA,0,0,0,NA,NA,NA,0,0,0,0,0,NA,0,0,1,0,0,0,0,0,0,0,NA,0,0,0,NA,0,0,0,NA,0,0,0,0,0,0,0,0,0,NA,0,0,0,0,0,0,0,0,NA
"7:7348225",NA,0,0,0,NA,NA,0,0,0,NA,0,0,NA,0,0,NA,NA,NA,0,0,0,0,0,0,0,0,NA,0,NA,0,0,NA,0,0,0,0,NA,0,0,0,0,0,NA,0,0,0,0,0,0,0,0,0,0,0,0,0,0,0,0,0,0,0,0,0,0,0,0,0,0,0,0,0,0,0,0,0,0,0,0,0,0,0,0,0,NA,0,0,NA,0,0,0,0,0,0,0,0,0,0,0,0,NA,0,0,0,0,0,0,0,0,0,0,0,0,NA,NA,0,NA,0,0,0,0,1,1,1,NA,0,0,0,0,0,0,0,0,0,0,0,0,0,0,0,0,NA,1,0,0,0,0,0,0,0,0,0,0,0,0,0,0,0,0,NA,0,0,0,0,0,0,0,0,0,0,0,0,0,0,0,0,0,0
